Workbook

Sheet MultiStartTime
B3: MS-SBLS | C3: MS-SBDF | D3: MS-SBDB | E3: MS-SBDBF | F3: MS-SimT | G3: MS-SimN | H3: MS-SBLSF
A4: 10x3A | B4: 1 | C4: 4.9 | D4: 7.5 | E4: 2.6 | F4: 0.3 | G4: 0.7 | H4: 1
A5: 10x4A | B5: 0.9 | C5: 3.2 | D5: 5.4 | E5: 2.3 | F5: 0.3 | G5: 0.8 | H5: 0.9
A6: 15x3A | B6: 1.3 | C6: 10.1 | D6: 16.1 | E6: 4.3 | F6: 0.3 | G6: 0.8 | H6: 1.3
A7: 15x4A | B7: 1.3 | C7: 11.2 | D7: 18.2 | E7: 4.5 | F7: 0.3 | G7: 0.9 | H7: 1.3
A8: 20x3A | B8: 1.4 | C8: 18.4 | D8: 29.3 | E8: 5.5 | F8: 0.3 | G8: 0.8 | H8: 1.5
A9: 20x4A | B9: 1.6 | C9: 21.8 | D9: 33.8 | E9: 6.3 | F9: 0.4 | G9: 0.9 | H9: 1.6
A10: 25x3A | B10: 1.7 | C10: 25.2 | D10: 43.5 | E10: 7.1 | F10: 0.4 | G10: 1 | H10: 1.7
A11: 25x5A | B11: 2.5 | C11: 66.4 | D11: 114.1 | E11: 13.6 | F11: 0.5 | G11: 1.2 | H11: 2.5
A12: 28x3A | B12: 1.8 | C12: 37.1 | D12: 64.7 | E12: 8 | F12: 0.3 | G12: 0.9 | H12: 1.8
A13: 28x5A | B13: 2.4 | C13: 75.5 | D13: 134.2 | E13: 14 | F13: 0.5 | G13: 1.2 | H13: 2.4
A14: 30x6A | B14: 2.8 | C14: 93.5 | D14: 163.6 | E14: 16.8 | F14: 0.6 | G14: 1.3 | H14: 2.8
A15: 30x8A | B15: 3.1 | C15: 121.8 | D15: 215.4 | E15: 21 | F15: 0.6 | G15: 1.3 | H15: 3.1
... A75: 100x15C | B75: 53.1 | C75: 11129 | D75: 21370.3 | E75: 1274 | F75: 14.3 | G75: 13.1 | H75: 53.4

Sheet CutOff16Dec24
B2: CutOff | F2: NoCutOFF
B3: Best | C3: AvgV | D3: AvgT | F3: Best | G3: AvgV | H3: AvgT
A4: 10x3A | B4: 5441.25 | C4: 5441.25 | D4: 8.76 | F4: 5441.25 | G4: 5441.25 | H4: 8.89 | J4: =IF(B4<F4,1,0) -> 0 | K4: =IF(B4=F4,1,0) -> 1 | L4: =IF(B4>F4,1,0) -> 0 | N4: =IF(C4<G4,1,0) -> 0 | O4: =IF(C4=G4,1,0) -> 1 | P4: =IF(C4>G4,1,0) -> 0
A5: 10x4A | B5: 7533.59 | C5: 7533.59 | D5: 2.09 | F5: 7502.69 | G5: 7502.69 | H5: 347.61 | J5: =IF(B5<F5,1,0) -> 0 | K5: =IF(B5=F5,1,0) -> 0 | L5: =IF(B5>F5,1,0) -> 1 | N5: =IF(C5<G5,1,0) -> 0 | O5: =IF(C5=G5,1,0) -> 0 | P5: =IF(C5>G5,1,0) -> 1
A6: 15x3A | B6: 10019 | C6: 10019 | D6: 14.54 | F6: 10019 | G6: 10019 | H6: 28.93 | J6: =IF(B6<F6,1,0) -> 0 | K6: =IF(B6=F6,1,0) -> 1 | L6: =IF(B6>F6,1,0) -> 0 | N6: =IF(C6<G6,1,0) -> 0 | O6: =IF(C6=G6,1,0) -> 1 | P6: =IF(C6>G6,1,0) -> 0
A7: 15x4A | B7: 13226.2 | C7: 13226.2 | D7: 42.53 | F7: 13226.2 | G7: 13226.2 | H7: 38.72 | J7: =IF(B7<F7,1,0) -> 0 | K7: =IF(B7=F7,1,0) -> 1 | L7: =IF(B7>F7,1,0) -> 0 | N7: =IF(C7<G7,1,0) -> 0 | O7: =IF(C7=G7,1,0) -> 1 | P7: =IF(C7>G7,1,0) -> 0
A8: 20x3A | B8: 17695 | C8: 17695 | D8: 128.78 | F8: 17695 | G8: 17695 | H8: 99.4 | J8: =IF(B8<F8,1,0) -> 0 | K8: =IF(B8=F8,1,0) -> 1 | L8: =IF(B8>F8,1,0) -> 0 | N8: =IF(C8<G8,1,0) -> 0 | O8: =IF(C8=G8,1,0) -> 1 | P8: =IF(C8>G8,1,0) -> 0
A9: 20x4A | B9: 17805.75 | C9: 17805.75 | D9: 176.61 | F9: 17805.75 | G9: 17805.75 | H9: 371.38 | J9: =IF(B9<F9,1,0) -> 0 | K9: =IF(B9=F9,1,0) -> 1 | L9: =IF(B9>F9,1,0) -> 0 | N9: =IF(C9<G9,1,0) -> 0 | O9: =IF(C9=G9,1,0) -> 1 | P9: =IF(C9>G9,1,0) -> 0
A10: 25x3A | B10: 70463.51 | C10: 70464.31 | D10: 968.3 | F10: 70463.2 | G10: 70464.89 | H10: 608.46 | J10: =IF(B10<F10,1,0) -> 0 | K10: =IF(B10=F10,1,0) -> 0 | L10: =IF(B10>F10,1,0) -> 1 | N10: =IF(C10<G10,1,0) -> 1 | O10: =IF(C10=G10,1,0) -> 0 | P10: =IF(C10>G10,1,0) -> 0
A11: 25x5A | B11: 35221.33 | C11: 35222.38 | D11: 1192.27 | F11: 35221.33 | G11: 35222.59 | H11: 1239.97 | J11: =IF(B11<F11,1,0) -> 0 | K11: =IF(B11=F11,1,0) -> 1 | L11: =IF(B11>F11,1,0) -> 0 | N11: =IF(C11<G11,1,0) -> 1 | O11: =IF(C11=G11,1,0) -> 0 | P11: =IF(C11>G11,1,0) -> 0
A12: 28x3A | B12: 65003.48 | C12: 65003.48 | D12: 304.02 | F12: 65003.48 | G12: 65003.54 | H12: 852.85 | J12: =IF(B12<F12,1,0) -> 0 | K12: =IF(B12=F12,1,0) -> 1 | L12: =IF(B12>F12,1,0) -> 0 | N12: =IF(C12<G12,1,0) -> 1 | O12: =IF(C12=G12,1,0) -> 0 | P12: =IF(C12>G12,1,0) -> 0
A13: 28x5A | B13: 63293.84 | C13: 63297.9 | D13: 829.87 | F13: 63293.84 | G13: 63299.86 | H13: 1167.97 | J13: =IF(B13<F13,1,0) -> 0 | K13: =IF(B13=F13,1,0) -> 1 | L13: =IF(B13>F13,1,0) -> 0 | N13: =IF(C13<G13,1,0) -> 1 | O13: =IF(C13=G13,1,0) -> 0 | P13: =IF(C13>G13,1,0) -> 0
A14: 30x6A | B14: 53201.45 | C14: 53207.38 | D14: 1145.47 | F14: 53205.04 | G14: 53209.78 | H14: 1320.19 | J14: =IF(B14<F14,1,0) -> 1 | K14: =IF(B14=F14,1,0) -> 0 | L14: =IF(B14>F14,1,0) -> 0 | N14: =IF(C14<G14,1,0) -> 1 | O14: =IF(C14=G14,1,0) -> 0 | P14: =IF(C14>G14,1,0) -> 0
A15: 30x8A | B15: 61352.43 | C15: 61359.5 | D15: 1062.79 | F15: 61353.87 | G15: 61369.19 | H15: 1393.86 | J15: =IF(B15<F15,1,0) -> 1 | K15: =IF(B15=F15,1,0) -> 0 | L15: =IF(B15>F15,1,0) -> 0 | N15: =IF(C15<G15,1,0) -> 1 | O15: =IF(C15=G15,1,0) -> 0 | P15: =IF(C15>G15,1,0) -> 0
... A75: 100x15A | B75: 2239781.4 | C75: 2244887 | D75: 868.4 | F75: 2239738.4 | G75: 2250275.7 | H75: 1010.4 | J75: =IF(B75<F75,1,0) -> 0 | K75: =IF(B75=F75,1,0) -> 0 | L75: =IF(B75>F75,1,0) -> 1 | N75: =IF(C75<G75,1,0) -> 1 | O75: =IF(C75=G75,1,0) -> 0 | P75: =IF(C75>G75,1,0) -> 0
J76: =SUM(J4:J75) -> 47 | K76: =SUM(K4:K75) -> 13 | L76: =SUM(L4:L75) -> 12 | N76: =SUM(N4:N75) -> 58 | O76: =SUM(O4:O75) -> 7 | P76: =SUM(P4:P75) -> 7
I77: A | J77: =SUM(J4:J27) -> 13 | K77: =SUM(K4:K27) -> 8 | L77: =SUM(L4:L27) -> 3 | N77: =SUM(N4:N27) -> 18 | O77: =SUM(O4:O27) -> 5 | P77: =SUM(P4:P27) -> 1
I78: B | J78: =SUM(J28:J51) -> 20 | K78: =SUM(K28:K51) -> 3 | L78: =SUM(L28:L51) -> 1 | N78: =SUM(N28:N51) -> 19 | O78: =SUM(O28:O51) -> 2 | P78: =SUM(P28:P51) -> 3
I79: C | J79: =SUM(J52:J75) -> 14 | K79: =SUM(K52:K75) -> 2 | L79: =SUM(L52:L75) -> 8 | N79: =SUM(N52:N75) -> 21 | O79: =SUM(O52:O75) -> 0 | P79: =SUM(P52:P75) -> 3
I80: CutOff vs NoCutOff | J80: #Wins | K80: #Ties | L80: #Losses
I81: BestObj | J81: =J76 -> 47 | K81: =K76 -> 13 | L81: =L76 -> 12
I82: AvgObj | J82: =N76 -> 58 | K82: =O76 -> 7 | L82: =P76 -> 7
M85: CutOff vs NoCutOff
M86: Best | T86: AvgObj
M87: #Wins | O87: #Ties | Q87: #losses | S87: p-value | T87: & | U87: #Wins | W87: #Ties | Y87: #losses | AA87: p-value
K88: SetA | L88: & | M88: =J77 -> 13 | N88: & | O88: =K77 -> 8 | P88: & | Q88: =L77 -> 3 | R88: & | S88: 1.192e-07 | T88: & | U88: =N77 -> 18 | V88: & | W88: =O77 -> 5 | X88: & | Y88: =P77 -> 1 | Z88: & | AA88: 1.192e-07 | AB88: \\
K89: SetB | L89: & | M89: =J78 -> 20 | N89: & | O89: =K78 -> 3 | P89: & | Q89: =L78 -> 1 | R89: & | S89: 1.192e-07 | T89: & | U89: =N78 -> 19 | V89: & | W89: =O78 -> 2 | X89: & | Y89: =P78 -> 3 | Z89: & | AA89: 1.192e-07 | AB89: \\
K90: SetC | L90: & | M90: =J79 -> 14 | N90: & | O90: =K79 -> 2 | P90: & | Q90: =L79 -> 8 | R90: & | S90: 8.345e-07 | T90: & | U90: =N79 -> 21 | V90: & | W90: =O79 -> 0 | X90: & | Y90: =P79 -> 3 | Z90: & | AA90: 2.98e-06 | AB90: \\
K91: Total | L91: & | M91: =J76 -> 47 | N91: & | O91: =K76 -> 13 | P91: & | Q91: =L76 -> 12 | R91: & | S91: 6.329e-05 | T91: & | U91: =N76 -> 58 | V91: & | W91: =O76 -> 7 | X91: & | Y91: =P76 -> 7 | Z91: & | AA91: 1.192e-07 | AB91: \\
K92: p-value | L92: & | S92: &&& | AB92: \\
M96: CutOff vs NoCutOff
M97: Best | R97: AvgObj
M98: #Wins | O98: #Ties | Q98: #losses | R98: & | S98: #Wins | U98: #Ties | W98: #losses
K99: SetA | L99: & | M99: =J77 -> 13 | N99: & | O99: =K77 -> 8 | P99: & | Q99: =L77 -> 3 | R99: & | S99: =N77 -> 18 | T99: & | U99: =O77 -> 5 | V99: & | W99: =P77 -> 1 | X99: & | Y99: \\
K100: SetB | L100: & | M100: =J78 -> 20 | N100: & | O100: =K78 -> 3 | P100: & | Q100: =L78 -> 1 | R100: & | S100: =N78 -> 19 | T100: & | U100: =O78 -> 2 | V100: & | W100: =P78 -> 3 | X100: & | Y100: \\
K101: SetC | L101: & | M101: =J79 -> 14 | N101: & | O101: =K79 -> 2 | P101: & | Q101: =L79 -> 8 | R101: & | S101: =N79 -> 21 | T101: & | U101: =O79 -> 0 | V101: & | W101: =P79 -> 3 | X101: & | Y101: \\
K102: Total | L102: & | M102: =J81 -> 47 | N102: & | O102: =K81 -> 13 | P102: & | Q102: =L81 -> 12 | R102: & | S102: =J82 -> 58 | T102: & | U102: =K82 -> 7 | V102: & | W102: =L82 -> 7 | X102: & | Y102: \\
K103: p-value | L103: & | M103: 2.02e-06 | R103: &&& | U103: 5.141e-10 | Y103: \\

Sheet FastEvaluation
C1: SimHGS | H1: NOFAST
A2: min best | C2: Best | D2: AvgV | E2: AvgT | F2: E | H2: Best | I2: Avg | J2: AvgT | K2: E | L2: min Avg | M2: minE
A3: =MIN(C3,H3) -> 5441.25 | B3: 10x3A | C3: 5441.25 | D3: 5441.25 | E3: 8.76 | F3: 5443.3 | H3: 5443.25 | I3: 5451.98 | J3: 54.7 | K3: 5445.34 | L3: =MIN(D3,I3) -> 5441.25 | M3: =MIN(F3,K3) -> 5443.3 | N3: =IF(C3>$A3,0,1) -> 1 | O3: =IF(H3>$A3,0,1) -> 0 | P3: =IF(D3>$L3,0,1) -> 1 | Q3: =IF(I3>$L3,0,1) -> 0 | R3: =IF(F3>$M3,0,1) -> 1 | S3: =IF(K3>$M3,0,1) -> 0 | V3: =IF(N3=O3,1,0) -> 0 | Y3: =IF(P3=Q3,1,0) -> 0
A4: =MIN(C4,H4) -> 7533.59 | B4: 10x4A | C4: 7533.59 | D4: 7533.59 | E4: 2.09 | F4: 7528.4 | H4: 7533.59 | I4: 7533.63 | J4: 10 | K4: 7528.43 | L4: =MIN(D4,I4) -> 7533.59 | M4: =MIN(F4,K4) -> 7528.4 | N4: =IF(C4>$A4,0,1) -> 1 | O4: =IF(H4>$A4,0,1) -> 1 | P4: =IF(D4>$L4,0,1) -> 1 | Q4: =IF(I4>$L4,0,1) -> 0 | R4: =IF(F4>$M4,0,1) -> 1 | S4: =IF(K4>$M4,0,1) -> 0 | V4: =IF(N4=O4,1,0) -> 1 | Y4: =IF(P4=Q4,1,0) -> 0
A5: =MIN(C5,H5) -> 10019 | B5: 15x3A | C5: 10019 | D5: 10019 | E5: 14.54 | F5: 10019 | H5: 10023.13 | I5: 10024.28 | J5: 9.67 | K5: 10020.87 | L5: =MIN(D5,I5) -> 10019 | M5: =MIN(F5,K5) -> 10019 | N5: =IF(C5>$A5,0,1) -> 1 | O5: =IF(H5>$A5,0,1) -> 0 | P5: =IF(D5>$L5,0,1) -> 1 | Q5: =IF(I5>$L5,0,1) -> 0 | R5: =IF(F5>$M5,0,1) -> 1 | S5: =IF(K5>$M5,0,1) -> 0 | V5: =IF(N5=O5,1,0) -> 0 | Y5: =IF(P5=Q5,1,0) -> 0
A6: =MIN(C6,H6) -> 13226.2 | B6: 15x4A | C6: 13226.2 | D6: 13226.2 | E6: 42.53 | F6: 13227.1 | H6: 13235.29 | I6: 13238 | J6: 113.81 | K6: 13237.4 | L6: =MIN(D6,I6) -> 13226.2 | M6: =MIN(F6,K6) -> 13227.1 | N6: =IF(C6>$A6,0,1) -> 1 | O6: =IF(H6>$A6,0,1) -> 0 | P6: =IF(D6>$L6,0,1) -> 1 | Q6: =IF(I6>$L6,0,1) -> 0 | R6: =IF(F6>$M6,0,1) -> 1 | S6: =IF(K6>$M6,0,1) -> 0 | V6: =IF(N6=O6,1,0) -> 0 | Y6: =IF(P6=Q6,1,0) -> 0
A7: =MIN(C7,H7) -> 17695 | B7: 20x3A | C7: 17695 | D7: 17695 | E7: 128.78 | F7: 17695 | H7: 17695 | I7: 17695 | J7: 264.83 | K7: 17695 | L7: =MIN(D7,I7) -> 17695 | M7: =MIN(F7,K7) -> 17695 | N7: =IF(C7>$A7,0,1) -> 1 | O7: =IF(H7>$A7,0,1) -> 1 | P7: =IF(D7>$L7,0,1) -> 1 | Q7: =IF(I7>$L7,0,1) -> 1 | R7: =IF(F7>$M7,0,1) -> 1 | S7: =IF(K7>$M7,0,1) -> 1 | V7: =IF(N7=O7,1,0) -> 1 | Y7: =IF(P7=Q7,1,0) -> 1
A8: =MIN(C8,H8) -> 17805.75 | B8: 20x4A | C8: 17805.75 | D8: 17805.75 | E8: 176.61 | F8: 17794.8 | H8: 17805.75 | I8: 17806.1 | J8: 463.36 | K8: 17794.76 | L8: =MIN(D8,I8) -> 17805.75 | M8: =MIN(F8,K8) -> 17794.76 | N8: =IF(C8>$A8,0,1) -> 1 | O8: =IF(H8>$A8,0,1) -> 1 | P8: =IF(D8>$L8,0,1) -> 1 | Q8: =IF(I8>$L8,0,1) -> 0 | R8: =IF(F8>$M8,0,1) -> 0 | S8: =IF(K8>$M8,0,1) -> 1 | V8: =IF(N8=O8,1,0) -> 1 | Y8: =IF(P8=Q8,1,0) -> 0
A9: =MIN(C9,H9) -> 70463.51 | B9: 25x3A | C9: 70463.51 | D9: 70464.31 | E9: 968.3 | F9: 70465.9 | H9: 70469.78 | I9: 70472.22 | J9: 673.77 | K9: 70471.27 | L9: =MIN(D9,I9) -> 70464.31 | M9: =MIN(F9,K9) -> 70465.9 | N9: =IF(C9>$A9,0,1) -> 1 | O9: =IF(H9>$A9,0,1) -> 0 | P9: =IF(D9>$L9,0,1) -> 1 | Q9: =IF(I9>$L9,0,1) -> 0 | R9: =IF(F9>$M9,0,1) -> 1 | S9: =IF(K9>$M9,0,1) -> 0 | V9: =IF(N9=O9,1,0) -> 0 | Y9: =IF(P9=Q9,1,0) -> 0
A10: =MIN(C10,H10) -> 35221.33 | B10: 25x5A | C10: 35221.33 | D10: 35222.38 | E10: 1192.27 | F10: 35227.2 | H10: 35225.63 | I10: 35232.44 | J10: 1276.21 | K10: 35234.07 | L10: =MIN(D10,I10) -> 35222.38 | M10: =MIN(F10,K10) -> 35227.2 | N10: =IF(C10>$A10,0,1) -> 1 | O10: =IF(H10>$A10,0,1) -> 0 | P10: =IF(D10>$L10,0,1) -> 1 | Q10: =IF(I10>$L10,0,1) -> 0 | R10: =IF(F10>$M10,0,1) -> 1 | S10: =IF(K10>$M10,0,1) -> 0 | V10: =IF(N10=O10,1,0) -> 0 | Y10: =IF(P10=Q10,1,0) -> 0
A11: =MIN(C11,H11) -> 65003.48 | B11: 28x3A | C11: 65003.48 | D11: 65003.48 | E11: 304.02 | F11: 65050.5 | H11: 65004.01 | I11: 65004.57 | J11: 862.57 | K11: 65011.39 | L11: =MIN(D11,I11) -> 65003.48 | M11: =MIN(F11,K11) -> 65011.39 | N11: =IF(C11>$A11,0,1) -> 1 | O11: =IF(H11>$A11,0,1) -> 0 | P11: =IF(D11>$L11,0,1) -> 1 | Q11: =IF(I11>$L11,0,1) -> 0 | R11: =IF(F11>$M11,0,1) -> 0 | S11: =IF(K11>$M11,0,1) -> 1 | V11: =IF(N11=O11,1,0) -> 0 | Y11: =IF(P11=Q11,1,0) -> 0
A12: =MIN(C12,H12) -> 63293.84 | B12: 28x5A | C12: 63293.84 | D12: 63297.9 | E12: 829.87 | F12: 63297 | H12: 63299.55 | I12: 63330.94 | J12: 1247.78 | K12: 63303.64 | L12: =MIN(D12,I12) -> 63297.9 | M12: =MIN(F12,K12) -> 63297 | N12: =IF(C12>$A12,0,1) -> 1 | O12: =IF(H12>$A12,0,1) -> 0 | P12: =IF(D12>$L12,0,1) -> 1 | Q12: =IF(I12>$L12,0,1) -> 0 | R12: =IF(F12>$M12,0,1) -> 1 | S12: =IF(K12>$M12,0,1) -> 0 | V12: =IF(N12=O12,1,0) -> 0 | Y12: =IF(P12=Q12,1,0) -> 0
A13: =MIN(C13,H13) -> 53201.45 | B13: 30x6A | C13: 53201.45 | D13: 53207.38 | E13: 1145.47 | F13: 53200.2 | H13: 53230.09 | I13: 53246.59 | J13: 1573.86 | K13: 53236.26 | L13: =MIN(D13,I13) -> 53207.38 | M13: =MIN(F13,K13) -> 53200.2 | N13: =IF(C13>$A13,0,1) -> 1 | O13: =IF(H13>$A13,0,1) -> 0 | P13: =IF(D13>$L13,0,1) -> 1 | Q13: =IF(I13>$L13,0,1) -> 0 | R13: =IF(F13>$M13,0,1) -> 1 | S13: =IF(K13>$M13,0,1) -> 0 | V13: =IF(N13=O13,1,0) -> 0 | Y13: =IF(P13=Q13,1,0) -> 0
A14: =MIN(C14,H14) -> 61352.43 | B14: 30x8A | C14: 61352.43 | D14: 61359.5 | E14: 1062.79 | F14: 61362.3 | H14: 61402.29 | I14: 61661.85 | J14: 1613.7 | K14: 61423.51 | L14: =MIN(D14,I14) -> 61359.5 | M14: =MIN(F14,K14) -> 61362.3 | N14: =IF(C14>$A14,0,1) -> 1 | O14: =IF(H14>$A14,0,1) -> 0 | P14: =IF(D14>$L14,0,1) -> 1 | Q14: =IF(I14>$L14,0,1) -> 0 | R14: =IF(F14>$M14,0,1) -> 1 | S14: =IF(K14>$M14,0,1) -> 0 | V14: =IF(N14=O14,1,0) -> 0 | Y14: =IF(P14=Q14,1,0) -> 0
... A26: =MIN(C26,H26) -> 749159.93 | B26: 100x15A | C26: 749159.93 | D26: 751312.57 | E26: 1347.21 | F26: 749120 | H26: 771094.61 | I26: 778248.79 | J26: 1846.04 | K26: 771132.21 | L26: =MIN(D26,I26) -> 751312.57 | M26: =MIN(F26,K26) -> 749120 | N26: =IF(C26>$A26,0,1) -> 1 | O26: =IF(H26>$A26,0,1) -> 0 | P26: =IF(D26>$L26,0,1) -> 1 | Q26: =IF(I26>$L26,0,1) -> 0 | R26: =IF(F26>$M26,0,1) -> 1 | S26: =IF(K26>$M26,0,1) -> 0 | V26: =IF(N26=O26,1,0) -> 0 | Y26: =IF(P26=Q26,1,0) -> 0
T27: =SUM(N3:N26) -> 24 | U27: =SUM(O3:O26) -> 3 | V27: =SUM(V3:V26) -> 3 | W27: =SUM(P3:P26) -> 24 | X27: =SUM(Q3:Q26) -> 1 | Y27: =SUM(Y3:Y26) -> 1
A28: =MIN(C28,H28) -> 17588.01 | B28: 10x3B | C28: 17588.01 | D28: 17588.01 | E28: 24.11 | F28: 17568.7 | H28: 17588.52 | I28: 17588.52 | J28: 65.81 | K28: 17567.92 | L28: =MIN(D28,I28) -> 17588.01 | M28: =MIN(F28,K28) -> 17567.92 | N28: =IF(C28>$A28,0,1) -> 1 | O28: =IF(H28>$A28,0,1) -> 0 | P28: =IF(D28>$L28,0,1) -> 1 | Q28: =IF(I28>$L28,0,1) -> 0 | R28: =IF(F28>$M28,0,1) -> 0 | S28: =IF(K28>$M28,0,1) -> 1 | V28: =IF(N28=O28,1,0) -> 0 | Y28: =IF(P28=Q28,1,0) -> 0
A29: =MIN(C29,H29) -> 24588.2 | B29: 10x4B | C29: 24588.2 | D29: 24588.2 | E29: 5.91 | F29: 24549.1 | H29: 24592.14 | I29: 24592.69 | J29: 44.46 | K29: 24554.84 | L29: =MIN(D29,I29) -> 24588.2 | M29: =MIN(F29,K29) -> 24549.1 | N29: =IF(C29>$A29,0,1) -> 1 | O29: =IF(H29>$A29,0,1) -> 0 | P29: =IF(D29>$L29,0,1) -> 1 | Q29: =IF(I29>$L29,0,1) -> 0 | R29: =IF(F29>$M29,0,1) -> 1 | S29: =IF(K29>$M29,0,1) -> 0 | V29: =IF(N29=O29,1,0) -> 0 | Y29: =IF(P29=Q29,1,0) -> 0
A30: =MIN(C30,H30) -> 37798.25 | B30: 15x3B | C30: 37798.25 | D30: 37798.93 | E30: 934.95 | F30: 37788.2 | H30: 37799.63 | I30: 37812.68 | J30: 1010.18 | K30: 37788.91 | L30: =MIN(D30,I30) -> 37798.93 | M30: =MIN(F30,K30) -> 37788.2 | N30: =IF(C30>$A30,0,1) -> 1 | O30: =IF(H30>$A30,0,1) -> 0 | P30: =IF(D30>$L30,0,1) -> 1 | Q30: =IF(I30>$L30,0,1) -> 0 | R30: =IF(F30>$M30,0,1) -> 1 | S30: =IF(K30>$M30,0,1) -> 0 | V30: =IF(N30=O30,1,0) -> 0 | Y30: =IF(P30=Q30,1,0) -> 0
A31: =MIN(C31,H31) -> 50542.02 | B31: 15x4B | C31: 50542.02 | D31: 50549.05 | E31: 1161.59 | F31: 50566.1 | H31: 50561.07 | I31: 50600.47 | J31: 1116.87 | K31: 50586.4 | L31: =MIN(D31,I31) -> 50549.05 | M31: =MIN(F31,K31) -> 50566.1 | N31: =IF(C31>$A31,0,1) -> 1 | O31: =IF(H31>$A31,0,1) -> 0 | P31: =IF(D31>$L31,0,1) -> 1 | Q31: =IF(I31>$L31,0,1) -> 0 | R31: =IF(F31>$M31,0,1) -> 1 | S31: =IF(K31>$M31,0,1) -> 0 | V31: =IF(N31=O31,1,0) -> 0 | Y31: =IF(P31=Q31,1,0) -> 0
A32: =MIN(C32,H32) -> 62467.74 | B32: 20x3B | C32: 62467.74 | D32: 62470.96 | E32: 1096.65 | F32: 62481.1 | H32: 62500.72 | I32: 62586.42 | J32: 1192.3 | K32: 62502.84 | L32: =MIN(D32,I32) -> 62470.96 | M32: =MIN(F32,K32) -> 62481.1 | N32: =IF(C32>$A32,0,1) -> 1 | O32: =IF(H32>$A32,0,1) -> 0 | P32: =IF(D32>$L32,0,1) -> 1 | Q32: =IF(I32>$L32,0,1) -> 0 | R32: =IF(F32>$M32,0,1) -> 1 | S32: =IF(K32>$M32,0,1) -> 0 | V32: =IF(N32=O32,1,0) -> 0 | Y32: =IF(P32=Q32,1,0) -> 0
A33: =MIN(C33,H33) -> 67575.55 | B33: 20x4B | C33: 67575.55 | D33: 67688.62 | E33: 919.69 | F33: 67545.8 | H33: 67665.92 | I33: 67784.22 | J33: 1397.02 | K33: 67626.12 | L33: =MIN(D33,I33) -> 67688.62 | M33: =MIN(F33,K33) -> 67545.8 | N33: =IF(C33>$A33,0,1) -> 1 | O33: =IF(H33>$A33,0,1) -> 0 | P33: =IF(D33>$L33,0,1) -> 1 | Q33: =IF(I33>$L33,0,1) -> 0 | R33: =IF(F33>$M33,0,1) -> 1 | S33: =IF(K33>$M33,0,1) -> 0 | V33: =IF(N33=O33,1,0) -> 0 | Y33: =IF(P33=Q33,1,0) -> 0
A34: =MIN(C34,H34) -> 241551.04 | B34: 25x3B | C34: 241551.04 | D34: 241605.58 | E34: 1094.73 | F34: 241567.5 | H34: 241578.79 | I34: 241675.37 | J34: 1368.18 | K34: 241592.11 | L34: =MIN(D34,I34) -> 241605.58 | M34: =MIN(F34,K34) -> 241567.5 | N34: =IF(C34>$A34,0,1) -> 1 | O34: =IF(H34>$A34,0,1) -> 0 | P34: =IF(D34>$L34,0,1) -> 1 | Q34: =IF(I34>$L34,0,1) -> 0 | R34: =IF(F34>$M34,0,1) -> 1 | S34: =IF(K34>$M34,0,1) -> 0 | V34: =IF(N34=O34,1,0) -> 0 | Y34: =IF(P34=Q34,1,0) -> 0
A35: =MIN(C35,H35) -> 114511.99 | B35: 25x5B | C35: 114511.99 | D35: 114671.09 | E35: 1505.15 | F35: 114496.9 | H35: 114846.46 | I35: 115265.27 | J35: 1586.09 | K35: 114829.9 | L35: =MIN(D35,I35) -> 114671.09 | M35: =MIN(F35,K35) -> 114496.9 | N35: =IF(C35>$A35,0,1) -> 1 | O35: =IF(H35>$A35,0,1) -> 0 | P35: =IF(D35>$L35,0,1) -> 1 | Q35: =IF(I35>$L35,0,1) -> 0 | R35: =IF(F35>$M35,0,1) -> 1 | S35: =IF(K35>$M35,0,1) -> 0 | V35: =IF(N35=O35,1,0) -> 0 | Y35: =IF(P35=Q35,1,0) -> 0
A36: =MIN(C36,H36) -> 241918.34 | B36: 28x3B | C36: 241918.34 | D36: 241992.26 | E36: 1234.61 | F36: 241922.1 | H36: 242076.19 | I36: 242178.01 | J36: 1519.91 | K36: 242079.76 | L36: =MIN(D36,I36) -> 241992.26 | M36: =MIN(F36,K36) -> 241922.1 | N36: =IF(C36>$A36,0,1) -> 1 | O36: =IF(H36>$A36,0,1) -> 0 | P36: =IF(D36>$L36,0,1) -> 1 | Q36: =IF(I36>$L36,0,1) -> 0 | R36: =IF(F36>$M36,0,1) -> 1 | S36: =IF(K36>$M36,0,1) -> 0 | V36: =IF(N36=O36,1,0) -> 0 | Y36: =IF(P36=Q36,1,0) -> 0
A37: =MIN(C37,H37) -> 195827.52 | B37: 28x5B | C37: 195827.52 | D37: 196148.55 | E37: 1159.56 | F37: 195835.5 | H37: 196378.8 | I37: 196552.48 | J37: 1433.74 | K37: 196401.89 | L37: =MIN(D37,I37) -> 196148.55 | M37: =MIN(F37,K37) -> 195835.5 | N37: =IF(C37>$A37,0,1) -> 1 | O37: =IF(H37>$A37,0,1) -> 0 | P37: =IF(D37>$L37,0,1) -> 1 | Q37: =IF(I37>$L37,0,1) -> 0 | R37: =IF(F37>$M37,0,1) -> 1 | S37: =IF(K37>$M37,0,1) -> 0 | V37: =IF(N37=O37,1,0) -> 0 | Y37: =IF(P37=Q37,1,0) -> 0
A38: =MIN(C38,H38) -> 194666.04 | B38: 30x6B | C38: 194666.04 | D38: 194897.27 | E38: 1560.59 | F38: 194757.9 | H38: 195332.26 | I38: 195756.72 | J38: 1416.04 | K38: 195457 | L38: =MIN(D38,I38) -> 194897.27 | M38: =MIN(F38,K38) -> 194757.9 | N38: =IF(C38>$A38,0,1) -> 1 | O38: =IF(H38>$A38,0,1) -> 0 | P38: =IF(D38>$L38,0,1) -> 1 | Q38: =IF(I38>$L38,0,1) -> 0 | R38: =IF(F38>$M38,0,1) -> 1 | S38: =IF(K38>$M38,0,1) -> 0 | V38: =IF(N38=O38,1,0) -> 0 | Y38: =IF(P38=Q38,1,0) -> 0
A39: =MIN(C39,H39) -> 201236.17 | B39: 30x8B | C39: 201236.17 | D39: 201479.97 | E39: 1418.54 | F39: 201248.1 | H39: 201606.79 | I39: 202346.24 | J39: 1460.73 | K39: 201606.98 | L39: =MIN(D39,I39) -> 201479.97 | M39: =MIN(F39,K39) -> 201248.1 | N39: =IF(C39>$A39,0,1) -> 1 | O39: =IF(H39>$A39,0,1) -> 0 | P39: =IF(D39>$L39,0,1) -> 1 | Q39: =IF(I39>$L39,0,1) -> 0 | R39: =IF(F39>$M39,0,1) -> 1 | S39: =IF(K39>$M39,0,1) -> 0 | V39: =IF(N39=O39,1,0) -> 0 | Y39: =IF(P39=Q39,1,0) -> 0
... A51: =MIN(C51,H51) -> 2525547.2 | B51: 100x15B | C51: 2525547.2 | D51: 2531717.2 | E51: 1294.62 | F51: 2525141.9 | H51: 2652854.5 | I51: 2676599.4 | J51: 2084.48 | K51: 2652508.7 | L51: =MIN(D51,I51) -> 2531717.2 | M51: =MIN(F51,K51) -> 2525141.9 | N51: =IF(C51>$A51,0,1) -> 1 | O51: =IF(H51>$A51,0,1) -> 0 | P51: =IF(D51>$L51,0,1) -> 1 | Q51: =IF(I51>$L51,0,1) -> 0 | R51: =IF(F51>$M51,0,1) -> 1 | S51: =IF(K51>$M51,0,1) -> 0 | V51: =IF(N51=O51,1,0) -> 0 | Y51: =IF(P51=Q51,1,0) -> 0
T52: =SUM(N28:N51) -> 24 | U52: =SUM(O28:O51) -> 0 | V52: =SUM(V28:V51) -> 0 | W52: =SUM(P28:P51) -> 24 | X52: =SUM(Q28:Q51) -> 0 | Y52: =SUM(Y28:Y51) -> 0
A53: =MIN(C53,H53) -> 43.81 | B53: 10x3C | C53: 43.81 | D53: 47.11 | E53: 960.01 | F53: 51.2 | H53: 44.68 | I53: 52.27 | J53: 817.3 | K53: 46.02 | L53: =MIN(D53,I53) -> 47.11 | M53: =MIN(F53,K53) -> 46.02 | N53: =IF(C53>$A53,0,1) -> 1 | O53: =IF(H53>$A53,0,1) -> 0 | P53: =IF(D53>$L53,0,1) -> 1 | Q53: =IF(I53>$L53,0,1) -> 0 | R53: =IF(F53>$M53,0,1) -> 0 | S53: =IF(K53>$M53,0,1) -> 1 | V53: =IF(N53=O53,1,0) -> 0 | Y53: =IF(P53=Q53,1,0) -> 0
A54: =MIN(C54,H54) -> 17 | B54: 10x4C | C54: 17 | D54: 19.7 | E54: 1023 | F54: 23.2 | H54: 17 | I54: 27.32 | J54: 836.62 | K54: 23.18 | L54: =MIN(D54,I54) -> 19.7 | M54: =MIN(F54,K54) -> 23.18 | N54: =IF(C54>$A54,0,1) -> 1 | O54: =IF(H54>$A54,0,1) -> 1 | P54: =IF(D54>$L54,0,1) -> 1 | Q54: =IF(I54>$L54,0,1) -> 0 | R54: =IF(F54>$M54,0,1) -> 0 | S54: =IF(K54>$M54,0,1) -> 1 | V54: =IF(N54=O54,1,0) -> 1 | Y54: =IF(P54=Q54,1,0) -> 0
A55: =MIN(C55,H55) -> 8264.02 | B55: 15x3C | C55: 8264.02 | D55: 8342.88 | E55: 297.22 | F55: 8288.9 | H55: 8328.75 | I55: 8480.82 | J55: 414.45 | K55: 8284.32 | L55: =MIN(D55,I55) -> 8342.88 | M55: =MIN(F55,K55) -> 8284.32 | N55: =IF(C55>$A55,0,1) -> 1 | O55: =IF(H55>$A55,0,1) -> 0 | P55: =IF(D55>$L55,0,1) -> 1 | Q55: =IF(I55>$L55,0,1) -> 0 | R55: =IF(F55>$M55,0,1) -> 0 | S55: =IF(K55>$M55,0,1) -> 1 | V55: =IF(N55=O55,1,0) -> 0 | Y55: =IF(P55=Q55,1,0) -> 0
A56: =MIN(C56,H56) -> 374.6 | B56: 15x4C | C56: 374.6 | D56: 604.75 | E56: 907.73 | F56: 353.4 | H56: 580.62 | I56: 749.19 | J56: 845.16 | K56: 560.07 | L56: =MIN(D56,I56) -> 604.75 | M56: =MIN(F56,K56) -> 353.4 | N56: =IF(C56>$A56,0,1) -> 1 | O56: =IF(H56>$A56,0,1) -> 0 | P56: =IF(D56>$L56,0,1) -> 1 | Q56: =IF(I56>$L56,0,1) -> 0 | R56: =IF(F56>$M56,0,1) -> 1 | S56: =IF(K56>$M56,0,1) -> 0 | V56: =IF(N56=O56,1,0) -> 0 | Y56: =IF(P56=Q56,1,0) -> 0
A57: =MIN(C57,H57) -> 29626.5 | B57: 20x3C | C57: 29764.93 | D57: 30018.93 | E57: 784.09 | F57: 29791.1 | H57: 29626.5 | I57: 29963 | J57: 1135.04 | K57: 29695.53 | L57: =MIN(D57,I57) -> 29963 | M57: =MIN(F57,K57) -> 29695.53 | N57: =IF(C57>$A57,0,1) -> 0 | O57: =IF(H57>$A57,0,1) -> 1 | P57: =IF(D57>$L57,0,1) -> 0 | Q57: =IF(I57>$L57,0,1) -> 1 | R57: =IF(F57>$M57,0,1) -> 0 | S57: =IF(K57>$M57,0,1) -> 1 | V57: =IF(N57=O57,1,0) -> 0 | Y57: =IF(P57=Q57,1,0) -> 0
A58: =MIN(C58,H58) -> 5248.03 | B58: 20x4C | C58: 5248.03 | D58: 5707.41 | E58: 305.23 | F58: 5193.2 | H58: 5363.9 | I58: 5826.31 | J58: 286.07 | K58: 5346.27 | L58: =MIN(D58,I58) -> 5707.41 | M58: =MIN(F58,K58) -> 5193.2 | N58: =IF(C58>$A58,0,1) -> 1 | O58: =IF(H58>$A58,0,1) -> 0 | P58: =IF(D58>$L58,0,1) -> 1 | Q58: =IF(I58>$L58,0,1) -> 0 | R58: =IF(F58>$M58,0,1) -> 1 | S58: =IF(K58>$M58,0,1) -> 0 | V58: =IF(N58=O58,1,0) -> 0 | Y58: =IF(P58=Q58,1,0) -> 0
A59: =MIN(C59,H59) -> 82114.78 | B59: 25x3C | C59: 82328.8 | D59: 82564.93 | E59: 1060.08 | F59: 82390.3 | H59: 82114.78 | I59: 82754.49 | J59: 777.46 | K59: 82179.4 | L59: =MIN(D59,I59) -> 82564.93 | M59: =MIN(F59,K59) -> 82179.4 | N59: =IF(C59>$A59,0,1) -> 0 | O59: =IF(H59>$A59,0,1) -> 1 | P59: =IF(D59>$L59,0,1) -> 1 | Q59: =IF(I59>$L59,0,1) -> 0 | R59: =IF(F59>$M59,0,1) -> 0 | S59: =IF(K59>$M59,0,1) -> 1 | V59: =IF(N59=O59,1,0) -> 0 | Y59: =IF(P59=Q59,1,0) -> 0
A60: =MIN(C60,H60) -> 43721.55 | B60: 25x5C | C60: 43721.55 | D60: 44134.35 | E60: 1488.81 | F60: 43829.2 | H60: 43771.41 | I60: 44326.43 | J60: 1504.67 | K60: 43834.52 | L60: =MIN(D60,I60) -> 44134.35 | M60: =MIN(F60,K60) -> 43829.2 | N60: =IF(C60>$A60,0,1) -> 1 | O60: =IF(H60>$A60,0,1) -> 0 | P60: =IF(D60>$L60,0,1) -> 1 | Q60: =IF(I60>$L60,0,1) -> 0 | R60: =IF(F60>$M60,0,1) -> 1 | S60: =IF(K60>$M60,0,1) -> 0 | V60: =IF(N60=O60,1,0) -> 0 | Y60: =IF(P60=Q60,1,0) -> 0
A61: =MIN(C61,H61) -> 121351.14 | B61: 28x3C | C61: 121351.14 | D61: 122520.48 | E61: 1198 | F61: 121631.9 | H61: 121554.89 | I61: 122973.3 | J61: 1120.04 | K61: 121856.18 | L61: =MIN(D61,I61) -> 122520.48 | M61: =MIN(F61,K61) -> 121631.9 | N61: =IF(C61>$A61,0,1) -> 1 | O61: =IF(H61>$A61,0,1) -> 0 | P61: =IF(D61>$L61,0,1) -> 1 | Q61: =IF(I61>$L61,0,1) -> 0 | R61: =IF(F61>$M61,0,1) -> 1 | S61: =IF(K61>$M61,0,1) -> 0 | V61: =IF(N61=O61,1,0) -> 0 | Y61: =IF(P61=Q61,1,0) -> 0
A62: =MIN(C62,H62) -> 42243.96 | B62: 28x5C | C62: 42243.96 | D62: 43088.97 | E62: 1425.05 | F62: 42307.7 | H62: 43610.6 | I62: 44190 | J62: 1316.74 | K62: 43692.1 | L62: =MIN(D62,I62) -> 43088.97 | M62: =MIN(F62,K62) -> 42307.7 | N62: =IF(C62>$A62,0,1) -> 1 | O62: =IF(H62>$A62,0,1) -> 0 | P62: =IF(D62>$L62,0,1) -> 1 | Q62: =IF(I62>$L62,0,1) -> 0 | R62: =IF(F62>$M62,0,1) -> 1 | S62: =IF(K62>$M62,0,1) -> 0 | V62: =IF(N62=O62,1,0) -> 0 | Y62: =IF(P62=Q62,1,0) -> 0
A63: =MIN(C63,H63) -> 36350.62 | B63: 30x6C | C63: 36350.62 | D63: 36685.16 | E63: 1488.08 | F63: 36448.9 | H63: 37343.98 | I63: 38023.32 | J63: 1462.18 | K63: 37493.58 | L63: =MIN(D63,I63) -> 36685.16 | M63: =MIN(F63,K63) -> 36448.9 | N63: =IF(C63>$A63,0,1) -> 1 | O63: =IF(H63>$A63,0,1) -> 0 | P63: =IF(D63>$L63,0,1) -> 1 | Q63: =IF(I63>$L63,0,1) -> 0 | R63: =IF(F63>$M63,0,1) -> 1 | S63: =IF(K63>$M63,0,1) -> 0 | V63: =IF(N63=O63,1,0) -> 0 | Y63: =IF(P63=Q63,1,0) -> 0
A64: =MIN(C64,H64) -> 35803.85 | B64: 30x8C | C64: 35803.85 | D64: 36256.54 | E64: 1511.16 | F64: 35853.2 | H64: 36947.65 | I64: 37430.81 | J64: 1360.12 | K64: 37037.02 | L64: =MIN(D64,I64) -> 36256.54 | M64: =MIN(F64,K64) -> 35853.2 | N64: =IF(C64>$A64,0,1) -> 1 | O64: =IF(H64>$A64,0,1) -> 0 | P64: =IF(D64>$L64,0,1) -> 1 | Q64: =IF(I64>$L64,0,1) -> 0 | R64: =IF(F64>$M64,0,1) -> 1 | S64: =IF(K64>$M64,0,1) -> 0 | V64: =IF(N64=O64,1,0) -> 0 | Y64: =IF(P64=Q64,1,0) -> 0
... A76: =MIN(C76,H76) -> 2239781.4 | B76: 100x15C | C76: 2239781.4 | D76: 2244887 | E76: 868.4 | F76: 2239764.5 | H76: 2485230.3 | I76: 2519999.3 | J76: 1895.31 | K76: 2484962.8 | L76: =MIN(D76,I76) -> 2244887 | M76: =MIN(F76,K76) -> 2239764.5 | N76: =IF(C76>$A76,0,1) -> 1 | O76: =IF(H76>$A76,0,1) -> 0 | P76: =IF(D76>$L76,0,1) -> 1 | Q76: =IF(I76>$L76,0,1) -> 0 | R76: =IF(F76>$M76,0,1) -> 1 | S76: =IF(K76>$M76,0,1) -> 0 | V76: =IF(N76=O76,1,0) -> 0 | Y76: =IF(P76=Q76,1,0) -> 0
T77: =SUM(N53:N76) -> 22 | U77: =SUM(O53:O76) -> 3 | V77: =SUM(V53:V76) -> 1 | W77: =SUM(P53:P76) -> 23 | X77: =SUM(Q53:Q76) -> 1 | Y77: =SUM(Y53:Y76) -> 0
J80: SetA | K80: & | L80: =T27-V27 -> 21 | M80: & | N80: =V27 -> 3 | O80: & | P80: =U27-V27 -> 0 | Q80: && | R80: =W27-Y27 -> 23 | S80: & | T80: =Y27 -> 1 | U80: & | V80: =X27-Y27 -> 0 | Y80: \\
J81: SetB | K81: & | L81: =T52-V52 -> 24 | M81: & | N81: =V52 -> 0 | O81: & | P81: =U52-V52 -> 0 | Q81: && | R81: =W52-Y52 -> 24 | S81: & | T81: =Y52 -> 0 | U81: & | V81: =X52-Y52 -> 0 | Y81: \\
J82: SetC | K82: & | L82: =T77-V77 -> 21 | M82: & | N82: =V77 -> 1 | O82: & | P82: =U77-V77 -> 2 | Q82: && | R82: =W77-Y77 -> 23 | S82: & | T82: =Y77 -> 0 | U82: & | V82: =X77-Y77 -> 1 | Y82: \\
J83: Total | K83: & | L83: =SUM(L80:L82) -> 66 | M83: & | N83: =SUM(N80:N82) -> 4 | O83: & | P83: =SUM(P80:P82) -> 2 | Q83: && | R83: =SUM(R80:R82) -> 70 | S83: & | T83: =SUM(T80:T82) -> 1 | U83: & | V83: =SUM(V80:V82) -> 1 | Y83: \\
J84: \hline
J85: {\em p}-value | K85: &\multicolumn{3}{c}{ | L85: 5.847e-12 | Q85: }& &\multicolumn{3}{c}{ | T85: 5.1056e-13 | Y85: }\\

Sheet resultOnlatexABC16Dec24
D4: SimHGS | L4: Tsim | T4: SBDF100 | AB4: SBDB100
D5: Best | F5: Avg | H5: T | J5: E | L5: Best | N5: Avg | P5: T | R5: E | T5: Best | V5: Avg | X5: T | Z5: E | AB5: Best | AD5: Avg | AF5: T | AH5: E
A6: =MIN(D6,L6,T6,AB6) -> 5441.25 | B6: 10x3A | C6: & | D6: =D89 -> 5441.25 | E6: & | F6: =E89 -> 5441.25 | G6: & | H6: =F89 -> 8.76 | I6: & | J6: =G89 -> 5443.3 | K6: & | L6: =I89 -> 6181.1 | M6: & | N6: =J89 -> 6181.15 | O6: & | P6: =K89 -> 0.14 | Q6: & | R6: =L89 -> 6150.9 | S6: & | T6: =M89 -> 5443.2 | U6: & | V6: =N89 -> 5450.73 | W6: & | X6: =O89 -> 21.38 | Y6: & | Z6: =P89 -> 5445.3 | AA6: & | AB6: =Q89 -> 5443.2 | AC6: & | AD6: =R89 -> 5454.89 | AE6: & | AF6: =S89 -> 60.11 | AG6: & | AH6: =T89 -> 5445.3 | AI6: \\ | AO6: Best | AW6: AvgObj
A7: =MIN(D7,L7,T7,AB7) -> 7533.59 | B7: 10x4A | C7: & | D7: =D90 -> 7533.59 | E7: & | F7: =E90 -> 7533.59 | G7: & | H7: =F90 -> 2.09 | I7: & | J7: =G90 -> 7528.4 | K7: & | L7: =I90 -> 7744.4 | M7: & | N7: =J90 -> 7744.35 | O7: & | P7: =K90 -> 6.08 | Q7: & | R7: =L90 -> 7725.7 | S7: & | T7: =M90 -> 7533.6 | U7: & | V7: =N90 -> 7533.63 | W7: & | X7: =O90 -> 6.21 | Y7: & | Z7: =P90 -> 7528.4 | AA7: & | AB7: =Q90 -> 7533.6 | AC7: & | AD7: =R90 -> 7533.63 | AE7: & | AF7: =S90 -> 11.06 | AG7: & | AH7: =T90 -> 7528.4 | AI7: \\ | AO7: #Wins | AQ7: #Ties | AS7: #losses | AU7: p-value | AV7: & | AW7: #Wins | AY7: #Ties | BA7: #losses | BC7: p-value
A8: =MIN(D8,L8,T8,AB8) -> 10019 | B8: 15x3A | C8: & | D8: =D91 -> 10019 | E8: & | F8: =E91 -> 10019 | G8: & | H8: =F91 -> 14.54 | I8: & | J8: =G91 -> 10019 | K8: & | L8: =I91 -> 10027.9 | M8: & | N8: =J91 -> 10027.93 | O8: & | P8: =K91 -> 103.25 | Q8: & | R8: =L91 -> 10027.9 | S8: & | T8: =M91 -> 10023.1 | U8: & | V8: =N91 -> 10023.54 | W8: & | X8: =O91 -> 4.37 | Y8: & | Z8: =P91 -> 10020.9 | AA8: & | AB8: =Q91 -> 10023.1 | AC8: & | AD8: =R91 -> 10024.4 | AE8: & | AF8: =S91 -> 11.01 | AG8: & | AH8: =T91 -> 10020.9 | AI8: \\ | AK8: \multirow{4}{*}{SetA} | AL8: & | AM8: SimHGS vs. TSim | AN8: & | AO8: =SUMPRODUCT(--(D6:D29<L6:L29)) -> 24 | AP8: & | AQ8: =SUMPRODUCT(--(D6:D29=L6:L29)) -> 0 | AR8: & | AS8: =SUMPRODUCT(--(D6:D29>L6:L29)) -> 0 | AT8: & | AU8: 1.192093e-07 | AV8: & | AW8: =SUMPRODUCT(--(F6:F29<N6:N29)) -> 24 | AX8: & | AY8: =SUMPRODUCT(--(F6:F29=N6:N29)) -> 0 | AZ8: & | BA8: =SUMPRODUCT(--(F6:F29>N6:N29)) -> 0 | BB8: & | BC8: 1.192093e-07 | BD8: \\
A9: =MIN(D9,L9,T9,AB9) -> 13226.2 | B9: 15x4A | C9: & | D9: =D92 -> 13226.2 | E9: & | F9: =E92 -> 13226.2 | G9: & | H9: =F92 -> 42.53 | I9: & | J9: =G92 -> 13227.1 | K9: & | L9: =I92 -> 13751.4 | M9: & | N9: =J92 -> 13751.43 | O9: & | P9: =K92 -> 14.3 | Q9: & | R9: =L92 -> 13762 | S9: & | T9: =M92 -> 13238.3 | U9: & | V9: =N92 -> 13238.3 | W9: & | X9: =O92 -> 37.41 | Y9: & | Z9: =P92 -> 13238.1 | AA9: & | AB9: =Q92 -> 13238.3 | AC9: & | AD9: =R92 -> 13238.3 | AE9: & | AF9: =S92 -> 130.21 | AG9: & | AH9: =T92 -> 13238.1 | AI9: \\ | AL9: & | AM9: SimHGS vs. SBDF100 | AN9: & | AO9: =SUMPRODUCT(--(D6:D29<T6:T29)) -> 23 | AP9: & | AQ9: =SUMPRODUCT(--(D6:D29=T6:T29)) -> 1 | AR9: & | AS9: =SUMPRODUCT(--(D6:D29>T6:T29)) -> 0 | AT9: & | AU9: 2.384186e-07 | AV9: & | AW9: =SUMPRODUCT(--(F6:F29<V6:V29)) -> 23 | AX9: & | AY9: =SUMPRODUCT(--(F6:F29=V6:V29)) -> 1 | AZ9: & | BA9: =SUMPRODUCT(--(F6:F29>V6:V29)) -> 0 | BB9: & | BC9: 1.192093e-07 | BD9: \\
A10: =MIN(D10,L10,T10,AB10) -> 17695 | B10: 20x3A | C10: & | D10: =D93 -> 17695 | E10: & | F10: =E93 -> 17695 | G10: & | H10: =F93 -> 128.78 | I10: & | J10: =G93 -> 17695 | K10: & | L10: =I93 -> 18191.5 | M10: & | N10: =J93 -> 18219.96 | O10: & | P10: =K93 -> 178.79 | Q10: & | R10: =L93 -> 18191.4 | S10: & | T10: =M93 -> 17695 | U10: & | V10: =N93 -> 17695 | W10: & | X10: =O93 -> 88.32 | Y10: & | Z10: =P93 -> 17695 | AA10: & | AB10: =Q93 -> 17695 | AC10: & | AD10: =R93 -> 17695 | AE10: & | AF10: =S93 -> 296.08 | AG10: & | AH10: =T93 -> 17695 | AI10: \\ | AL10: & | AM10: SimHGS vs. SBDB100 | AN10: & | AO10: =SUMPRODUCT(--(D6:D29<AB6:AB29)) -> 23 | AP10: & | AQ10: =SUMPRODUCT(--(D6:D29=AB6:AB29)) -> 1 | AR10: & | AS10: =SUMPRODUCT(--(D6:D29>AB6:AB29)) -> 0 | AT10: & | AU10: 2.384186e-07 | AV10: & | AW10: =SUMPRODUCT(--(F6:F29<AD6:AD29)) -> 23 | AX10: & | AY10: =SUMPRODUCT(--(F6:F29=AD6:AD29)) -> 1 | AZ10: & | BA10: =SUMPRODUCT(--(F6:F29>AD6:AD29)) -> 0 | BB10: & | BC10: 2.384186e-07 | BD10: \\
A11: =MIN(D11,L11,T11,AB11) -> 17805.75 | B11: 20x4A | C11: & | D11: =D94 -> 17805.75 | E11: & | F11: =E94 -> 17805.75 | G11: & | H11: =F94 -> 176.61 | I11: & | J11: =G94 -> 17794.8 | K11: & | L11: =I94 -> 18087.5 | M11: & | N11: =J94 -> 18092.65 | O11: & | P11: =K94 -> 614.66 | Q11: & | R11: =L94 -> 18075.3 | S11: & | T11: =M94 -> 17805.8 | U11: & | V11: =N94 -> 17805.81 | W11: & | X11: =O94 -> 506.49 | Y11: & | Z11: =P94 -> 17794.8 | AA11: & | AB11: =Q94 -> 17805.8 | AC11: & | AD11: =R94 -> 17806.06 | AE11: & | AF11: =S94 -> 519.94 | AG11: & | AH11: =T94 -> 17794.8 | AI11: \\ | AL11: & | AM11: SimHGS vs. All | AN11: & | AO11: 23 | AP11: & | AQ11: 1 | AR11: & | AS11: 0 | AT11: & | AU11: \-- | AV11: & | AW11: 23 | AX11: & | AY11: 1 | AZ11: & | BA11: 0 | BB11: & | BC11: \-- | BD11: \\
A12: =MIN(D12,L12,T12,AB12) -> 70463.51 | B12: 25x3A | C12: & | D12: =D95 -> 70463.51 | E12: & | F12: =E95 -> 70464.31 | G12: & | H12: =F95 -> 968.3 | I12: & | J12: =G95 -> 70465.9 | K12: & | L12: =I95 -> 70666.8 | M12: & | N12: =J95 -> 70682.86 | O12: & | P12: =K95 -> 713.61 | Q12: & | R12: =L95 -> 70662.4 | S12: & | T12: =M95 -> 70469.8 | U12: & | V12: =N95 -> 70472.26 | W12: & | X12: =O95 -> 464.07 | Y12: & | Z12: =P95 -> 70471.3 | AA12: & | AB12: =Q95 -> 70469.8 | AC12: & | AD12: =R95 -> 70472.32 | AE12: & | AF12: =S95 -> 752.57 | AG12: & | AH12: =T95 -> 70471.3 | AI12: \\ | AK12: \hline
A13: =MIN(D13,L13,T13,AB13) -> 35221.33 | B13: 25x5A | C13: & | D13: =D96 -> 35221.33 | E13: & | F13: =E96 -> 35222.38 | G13: & | H13: =F96 -> 1192.27 | I13: & | J13: =G96 -> 35227.2 | K13: & | L13: =I96 -> 35920.2 | M13: & | N13: =J96 -> 36061.84 | O13: & | P13: =K96 -> 894.81 | Q13: & | R13: =L96 -> 35925.5 | S13: & | T13: =M96 -> 35223.1 | U13: & | V13: =N96 -> 35227.2 | W13: & | X13: =O96 -> 927.08 | Y13: & | Z13: =P96 -> 35231.3 | AA13: & | AB13: =Q96 -> 35224.8 | AC13: & | AD13: =R96 -> 35232.45 | AE13: & | AF13: =S96 -> 1404.78 | AG13: & | AH13: =T96 -> 35231.8 | AI13: \\ | AK13: \multirow{4}{*}{SetB} | AL13: & | AM13: SimHGS vs. TSim | AN13: & | AO13: {=SUMPRODUCT(--(D31:D54<L31:L54))} -> 24 | AP13: & | AQ13: {=SUMPRODUCT(--(D31:D54=L31:L54))} -> 0 | AR13: & | AS13: {=SUMPRODUCT(--(D31:D54>L31:L54))} -> 0 | AT13: & | AU13: 1.192093e-07 | AV13: & | AW13: {=SUMPRODUCT(--(F31:F54<N31:N54))} -> 24 | AX13: & | AY13: {=SUMPRODUCT(--(F31:F54=N31:N54))} -> 0 | AZ13: & | BA13: {=SUMPRODUCT(--(F31:F54>N31:N54))} -> 0 | BB13: & | BC13: 1.192093e-07 | BD13: \\
A14: =MIN(D14,L14,T14,AB14) -> 65003.48 | B14: 28x3A | C14: & | D14: =D97 -> 65003.48 | E14: & | F14: =E97 -> 65003.48 | G14: & | H14: =F97 -> 304.02 | I14: & | J14: =G97 -> 65050.5 | K14: & | L14: =I97 -> 65435.9 | M14: & | N14: =J97 -> 65436.55 | O14: & | P14: =K97 -> 210.99 | Q14: & | R14: =L97 -> 65433.4 | S14: & | T14: =M97 -> 65004 | U14: & | V14: =N97 -> 65013.7 | W14: & | X14: =O97 -> 736.82 | Y14: & | Z14: =P97 -> 65011.4 | AA14: & | AB14: =Q97 -> 65004 | AC14: & | AD14: =R97 -> 65009.05 | AE14: & | AF14: =S97 -> 803.23 | AG14: & | AH14: =T97 -> 65011.4 | AI14: \\ | AL14: & | AM14: SimHGS vs. SBDF100 | AN14: & | AO14: {=SUMPRODUCT(--(D31:D54<T31:T54))} -> 24 | AP14: & | AQ14: {=SUMPRODUCT(--(D31:D54=T31:T54))} -> 0 | AR14: & | AS14: {=SUMPRODUCT(--(D31:D54>T31:T54))} -> 0 | AT14: & | AU14: 1.192093e-07 | AV14: & | AW14: {=SUMPRODUCT(--(F31:F54<V31:V54))} -> 24 | AX14: & | AY14: {=SUMPRODUCT(--(F31:F54=V31:V54))} -> 0 | AZ14: & | BA14: {=SUMPRODUCT(--(F31:F54>V31:V54))} -> 0 | BB14: & | BC14: 1.192093e-07 | BD14: \\
A15: =MIN(D15,L15,T15,AB15) -> 63293.84 | B15: 28x5A | C15: & | D15: =D98 -> 63293.84 | E15: & | F15: =E98 -> 63297.9 | G15: & | H15: =F98 -> 829.87 | I15: & | J15: =G98 -> 63297 | K15: & | L15: =I98 -> 64528.8 | M15: & | N15: =J98 -> 64716.69 | O15: & | P15: =K98 -> 1174.71 | Q15: & | R15: =L98 -> 64533.1 | S15: & | T15: =M98 -> 63297.1 | U15: & | V15: =N98 -> 63311.6 | W15: & | X15: =O98 -> 1350.66 | Y15: & | Z15: =P98 -> 63301.5 | AA15: & | AB15: =Q98 -> 63299.6 | AC15: & | AD15: =R98 -> 63332.74 | AE15: & | AF15: =S98 -> 1234.24 | AG15: & | AH15: =T98 -> 63303.6 | AI15: \\ | AL15: & | AM15: SimHGS vs. SBDB100 | AN15: & | AO15: {=SUMPRODUCT(--(D31:D54<AB31:AB54))} -> 24 | AP15: & | AQ15: {=SUMPRODUCT(--(D31:D54=AB31:AB54))} -> 0 | AR15: & | AS15: {=SUMPRODUCT(--(D31:D54>AB31:AB54))} -> 0 | AT15: & | AU15: 1.192093e-07 | AV15: & | AW15: {=SUMPRODUCT(--(F31:F54<AD31:AD54))} -> 24 | AX15: & | AY15: {=SUMPRODUCT(--(F31:F54=AD31:AD54))} -> 0 | AZ15: & | BA15: {=SUMPRODUCT(--(F31:F54>AD31:AD54))} -> 0 | BB15: & | BC15: 1.192093e-07 | BD15: \\
A16: =MIN(D16,L16,T16,AB16) -> 53201.45 | B16: 30x6A | C16: & | D16: =D99 -> 53201.45 | E16: & | F16: =E99 -> 53207.38 | G16: & | H16: =F99 -> 1145.47 | I16: & | J16: =G99 -> 53200.2 | K16: & | L16: =I99 -> 54360.9 | M16: & | N16: =J99 -> 54472.18 | O16: & | P16: =K99 -> 1048.7 | Q16: & | R16: =L99 -> 54366.7 | S16: & | T16: =M99 -> 53217.4 | U16: & | V16: =N99 -> 53231.42 | W16: & | X16: =O99 -> 1539.94 | Y16: & | Z16: =P99 -> 53226.5 | AA16: & | AB16: =Q99 -> 53231.3 | AC16: & | AD16: =R99 -> 53250.43 | AE16: & | AF16: =S99 -> 1518.5 | AG16: & | AH16: =T99 -> 53237.4 | AI16: \\ | AL16: & | AM16: SimHGS vs. All | AN16: & | AO16: 24 | AP16: & | AQ16: 0 | AR16: & | AS16: 0 | AT16: & | AU16: \-- | AV16: & | AW16: 24 | AX16: & | AY16: 0 | AZ16: & | BA16: 0 | BB16: & | BC16: \-- | BD16: \\
A17: =MIN(D17,L17,T17,AB17) -> 61352.43 | B17: 30x8A | C17: & | D17: =D100 -> 61352.43 | E17: & | F17: =E100 -> 61359.5 | G17: & | H17: =F100 -> 1062.79 | I17: & | J17: =G100 -> 61362.3 | K17: & | L17: =I100 -> 62634.9 | M17: & | N17: =J100 -> 62919.44 | O17: & | P17: =K100 -> 1021.26 | Q17: & | R17: =L100 -> 62670.2 | S17: & | T17: =M100 -> 61382.6 | U17: & | V17: =N100 -> 61638.83 | W17: & | X17: =O100 -> 1489.04 | Y17: & | Z17: =P100 -> 61390.9 | AA17: & | AB17: =Q100 -> 61410.1 | AC17: & | AD17: =R100 -> 61664.57 | AE17: & | AF17: =S100 -> 1575.11 | AG17: & | AH17: =T100 -> 61428.1 | AI17: \\ | AK17: \hline
A18: =MIN(D18,L18,T18,AB18) -> 88253.35 | B18: 35x6A | C18: & | D18: =D101 -> 88253.35 | E18: & | F18: =E101 -> 88419.96 | G18: & | H18: =F101 -> 1475.47 | I18: & | J18: =G101 -> 88276.9 | K18: & | L18: =I101 -> 89484.8 | M18: & | N18: =J101 -> 89661.75 | O18: & | P18: =K101 -> 1232 | Q18: & | R18: =L101 -> 89494.4 | S18: & | T18: =M101 -> 88406.9 | U18: & | V18: =N101 -> 88635.54 | W18: & | X18: =O101 -> 1608.49 | Y18: & | Z18: =P101 -> 88439.3 | AA18: & | AB18: =Q101 -> 88648.5 | AC18: & | AD18: =R101 -> 88768.15 | AE18: & | AF18: =S101 -> 1499.46 | AG18: & | AH18: =T101 -> 88651.6 | AI18: \\ | AK18: \multirow{4}{*}{SetC} | AL18: & | AM18: SimHGS vs. TSim | AN18: & | AO18: {=SUMPRODUCT(--(D56:D79<L56:L79))} -> 22 | AP18: & | AQ18: {=SUMPRODUCT(--(D56:D79=L56:L79))} -> 0 | AR18: & | AS18: {=SUMPRODUCT(--(D56:D79>L56:L79))} -> 2 | AT18: & | AU18: 2.980232e-06 | AV18: & | AW18: {=SUMPRODUCT(--(F56:F79<N56:N79))} -> 23 | AX18: & | AY18: {=SUMPRODUCT(--(F56:F79=N56:N79))} -> 0 | AZ18: & | BA18: {=SUMPRODUCT(--(F56:F79>N56:N79))} -> 1 | BB18: & | BC18: 5.960464e-07 | BD18: \\
A19: =MIN(D19,L19,T19,AB19) -> 83443.56 | B19: 35x8A | C19: & | D19: =D102 -> 83443.56 | E19: & | F19: =E102 -> 83487.84 | G19: & | H19: =F102 -> 1415.68 | I19: & | J19: =G102 -> 83429.3 | K19: & | L19: =I102 -> 84860.4 | M19: & | N19: =J102 -> 84914.83 | O19: & | P19: =K102 -> 1215.16 | Q19: & | R19: =L102 -> 84844.7 | S19: & | T19: =M102 -> 83640.7 | U19: & | V19: =N102 -> 83728.68 | W19: & | X19: =O102 -> 1557.19 | Y19: & | Z19: =P102 -> 83622.6 | AA19: & | AB19: =Q102 -> 83738.1 | AC19: & | AD19: =R102 -> 83832.77 | AE19: & | AF19: =S102 -> 1440.25 | AG19: & | AH19: =T102 -> 83713.3 | AI19: \\ | AL19: & | AM19: SimHGS vs. SBDF100 | AN19: & | AO19: {=SUMPRODUCT(--(D56:D79<T56:T79))} -> 20 | AP19: & | AQ19: {=SUMPRODUCT(--(D56:D79=T56:T79))} -> 1 | AR19: & | AS19: {=SUMPRODUCT(--(D56:D79>T56:T79))} -> 3 | AT19: & | AU19: 3.015995e-05 | AV19: & | AW19: {=SUMPRODUCT(--(F56:F79<V56:V79))} -> 23 | AX19: & | AY19: {=SUMPRODUCT(--(F56:F79=V56:V79))} -> 0 | AZ19: & | BA19: {=SUMPRODUCT(--(F56:F79>V56:V79))} -> 1 | BB19: & | BC19: 5.960464e-07 | BD19: \\
A20: =MIN(D20,L20,T20,AB20) -> 107222.34 | B20: 40x6A | C20: & | D20: =D103 -> 107222.34 | E20: & | F20: =E103 -> 107306.55 | G20: & | H20: =F103 -> 1623.5 | I20: & | J20: =G103 -> 107293.3 | K20: & | L20: =I103 -> 109285.7 | M20: & | N20: =J103 -> 109760.73 | O20: & | P20: =K103 -> 1641.64 | Q20: & | R20: =L103 -> 109363.2 | S20: & | T20: =M103 -> 107351.6 | U20: & | V20: =N103 -> 107708.26 | W20: & | X20: =O103 -> 1493.44 | Y20: & | Z20: =P103 -> 107430.5 | AA20: & | AB20: =Q103 -> 107696 | AC20: & | AD20: =R103 -> 107896.96 | AE20: & | AF20: =S103 -> 1289.25 | AG20: & | AH20: =T103 -> 107776 | AI20: \\ | AL20: & | AM20: SimHGS vs. SBDB100 | AN20: & | AO20: {=SUMPRODUCT(--(D56:D79<AB56:AB79))} -> 21 | AP20: & | AQ20: {=SUMPRODUCT(--(D56:D79=AB56:AB79))} -> 0 | AR20: & | AS20: {=SUMPRODUCT(--(D56:D79>AB56:AB79))} -> 3 | AT20: & | AU20: 2.467632e-05 | AV20: & | AW20: {=SUMPRODUCT(--(F56:F79<AD56:AD79))} -> 23 | AX20: & | AY20: {=SUMPRODUCT(--(F56:F79=AD56:AD79))} -> 0 | AZ20: & | BA20: {=SUMPRODUCT(--(F56:F79>AD56:AD79))} -> 1 | BB20: & | BC20: 5.960464e-07 | BD20: \\
A21: =MIN(D21,L21,T21,AB21) -> 118623.58 | B21: 40x8A | C21: & | D21: =D104 -> 118623.58 | E21: & | F21: =E104 -> 118892.14 | G21: & | H21: =F104 -> 1577.57 | I21: & | J21: =G104 -> 118657 | K21: & | L21: =I104 -> 120417.4 | M21: & | N21: =J104 -> 120889.36 | O21: & | P21: =K104 -> 1316.4 | Q21: & | R21: =L104 -> 120436.7 | S21: & | T21: =M104 -> 119144.1 | U21: & | V21: =N104 -> 119248.44 | W21: & | X21: =O104 -> 1449.91 | Y21: & | Z21: =P104 -> 119161.4 | AA21: & | AB21: =Q104 -> 119199.8 | AC21: & | AD21: =R104 -> 119429.96 | AE21: & | AF21: =S104 -> 1417.97 | AG21: & | AH21: =T104 -> 119203 | AI21: \\ | AL21: & | AM21: SimHGS vs. All | AN21: & | AO21: 19 | AP21: & | AQ21: 0 | AR21: & | AS21: 5 | AT21: & | AU21: \-- | AV21: & | AW21: 22 | AX21: & | AY21: 0 | AZ21: & | BA21: 2 | BB21: & | BC21: \-- | BD21: \\
A22: =MIN(D22,L22,T22,AB22) -> 259656.7 | B22: 50x6A | C22: & | D22: =D105 -> 259656.7 | E22: & | F22: =E105 -> 259869.59 | G22: & | H22: =F105 -> 1653.67 | I22: & | J22: =G105 -> 259652.1 | K22: & | L22: =I105 -> 260943.6 | M22: & | N22: =J105 -> 261216.01 | O22: & | P22: =K105 -> 1657.82 | Q22: & | R22: =L105 -> 260904.7 | S22: & | T22: =M105 -> 260061.1 | U22: & | V22: =N105 -> 260153.49 | W22: & | X22: =O105 -> 1296.87 | Y22: & | Z22: =P105 -> 260048 | AA22: & | AB22: =Q105 -> 260151.2 | AC22: & | AD22: =R105 -> 260237.58 | AE22: & | AF22: =S105 -> 673.55 | AG22: & | AH22: =T105 -> 260146.8 | AI22: \\
A23: =MIN(D23,L23,T23,AB23) -> 168321.2 | B23: 50x8A | C23: & | D23: =D106 -> 168321.2 | E23: & | F23: =E106 -> 168378.93 | G23: & | H23: =F106 -> 1522.26 | I23: & | J23: =G106 -> 168355.2 | K23: & | L23: =I106 -> 171459.9 | M23: & | N23: =J106 -> 171710.13 | O23: & | P23: =K106 -> 1577.1 | Q23: & | R23: =L106 -> 171457.3 | S23: & | T23: =M106 -> 168610.9 | U23: & | V23: =N106 -> 168956.81 | W23: & | X23: =O106 -> 1617.92 | Y23: & | Z23: =P106 -> 168647.5 | AA23: & | AB23: =Q106 -> 169022.6 | AC23: & | AD23: =R106 -> 169352.54 | AE23: & | AF23: =S106 -> 1092.49 | AG23: & | AH23: =T106 -> 169034.8 | AI23: \\
A24: =MIN(D24,L24,T24,AB24) -> 256174.84 | B24: 60x8A | C24: & | D24: =D107 -> 256174.84 | E24: & | F24: =E107 -> 256684.28 | G24: & | H24: =F107 -> 1603.11 | I24: & | J24: =G107 -> 256202 | K24: & | L24: =I107 -> 260713.3 | M24: & | N24: =J107 -> 261217.1 | O24: & | P24: =K107 -> 1674.77 | Q24: & | R24: =L107 -> 260810 | S24: & | T24: =M107 -> 258085.3 | U24: & | V24: =N107 -> 258651.96 | W24: & | X24: =O107 -> 540.36 | Y24: & | Z24: =P107 -> 258129.4 | AA24: & | AB24: =Q107 -> 258085.3 | AC24: & | AD24: =R107 -> 258815.87 | AE24: & | AF24: =S107 -> 1164.96 | AG24: & | AH24: =T107 -> 258129.4 | AI24: \\
A25: =MIN(D25,L25,T25,AB25) -> 258497.09 | B25: 60x10A | C25: & | D25: =D108 -> 258497.09 | E25: & | F25: =E108 -> 258632.3 | G25: & | H25: =F108 -> 1644.68 | I25: & | J25: =G108 -> 258447.2 | K25: & | L25: =I108 -> 263020.8 | M25: & | N25: =J108 -> 263635.56 | O25: & | P25: =K108 -> 1680.58 | Q25: & | R25: =L108 -> 263001 | S25: & | T25: =M108 -> 260783.5 | U25: & | V25: =N108 -> 261486.01 | W25: & | X25: =O108 -> 1148.46 | Y25: & | Z25: =P108 -> 260765.7 | AA25: & | AB25: =Q108 -> 260783.5 | AC25: & | AD25: =R108 -> 261695.93 | AE25: & | AF25: =S108 -> 1036 | AG25: & | AH25: =T108 -> 260765.7 | AI25: \\
A26: =MIN(D26,L26,T26,AB26) -> 554099.42 | B26: 80x8A | C26: & | D26: =D109 -> 554099.42 | E26: & | F26: =E109 -> 554848.92 | G26: & | H26: =F109 -> 1300.46 | I26: & | J26: =G109 -> 554057.4 | K26: & | L26: =I109 -> 560289.4 | M26: & | N26: =J109 -> 561870.42 | O26: & | P26: =K109 -> 1216.8 | Q26: & | R26: =L109 -> 560090.5 | S26: & | T26: =M109 -> 555576.9 | U26: & | V26: =N109 -> 555858.18 | W26: & | X26: =O109 -> 1258.31 | Y26: & | Z26: =P109 -> 555483.2 | AA26: & | AB26: =Q109 -> 555576.9 | AC26: & | AD26: =R109 -> 556354.18 | AE26: & | AF26: =S109 -> 1403.34 | AG26: & | AH26: =T109 -> 555483.2 | AI26: \\
A27: =MIN(D27,L27,T27,AB27) -> 373005.98 | B27: 80x10A | C27: & | D27: =D110 -> 373005.98 | E27: & | F27: =E110 -> 374262.99 | G27: & | H27: =F110 -> 1365.15 | I27: & | J27: =G110 -> 373042.9 | K27: & | L27: =I110 -> 383192.8 | M27: & | N27: =J110 -> 384059.22 | O27: & | P27: =K110 -> 1112.27 | Q27: & | R27: =L110 -> 383124.1 | S27: & | T27: =M110 -> 376213.5 | U27: & | V27: =N110 -> 377380.94 | W27: & | X27: =O110 -> 1468.63 | Y27: & | Z27: =P110 -> 376286 | AA27: & | AB27: =Q110 -> 377562.9 | AC27: & | AD27: =R110 -> 378674.32 | AE27: & | AF27: =S110 -> 1921.08 | AG27: & | AH27: =T110 -> 377586.2 | AI27: \\
A28: =MIN(D28,L28,T28,AB28) -> 773276.74 | B28: 100x10A | C28: & | D28: =D111 -> 773276.74 | E28: & | F28: =E111 -> 774292.47 | G28: & | H28: =F111 -> 620.95 | I28: & | J28: =G111 -> 773151.4 | K28: & | L28: =I111 -> 783806.3 | M28: & | N28: =J111 -> 785425.31 | O28: & | P28: =K111 -> 895.39 | Q28: & | R28: =L111 -> 783624.9 | S28: & | T28: =M111 -> 775503.2 | U28: & | V28: =N111 -> 777986.22 | W28: & | X28: =O111 -> 1945.98 | Y28: & | Z28: =P111 -> 775483.1 | AA28: & | AB28: =Q111 -> 776606.7 | AC28: & | AD28: =R111 -> 780047.99 | AE28: & | AF28: =S111 -> 2469.82 | AG28: & | AH28: =T111 -> 776564.6 | AI28: \\
A29: =MIN(D29,L29,T29,AB29) -> 749159.93 | B29: 100x15A | C29: & | D29: =D112 -> 749159.93 | E29: & | F29: =E112 -> 751312.57 | G29: & | H29: =F112 -> 1347.21 | I29: & | J29: =G112 -> 749120 | K29: & | L29: =I112 -> 762277.7 | M29: & | N29: =J112 -> 764966.46 | O29: & | P29: =K112 -> 1076.23 | Q29: & | R29: =L112 -> 762309.2 | S29: & | T29: =M112 -> 755112.7 | U29: & | V29: =N112 -> 762027.54 | W29: & | X29: =O112 -> 2575.53 | Y29: & | Z29: =P112 -> 755144.3 | AA29: & | AB29: =Q112 -> 765069.7 | AC29: & | AD29: =R112 -> 768359.59 | AE29: & | AF29: =S112 -> 3336.57 | AG29: & | AH29: =T112 -> 765039.5 | AI29: \\
A31: =MIN(D31,L31,T31,AB31) -> 17588.01 | B31: 10x3B | C31: & | D31: =D114 -> 17588.01 | E31: & | F31: =E114 -> 17588.01 | G31: & | H31: =F114 -> 24.11 | I31: & | J31: =G114 -> 17568.7 | K31: & | L31: =I114 -> 18470.4 | M31: & | N31: =J114 -> 18471.23 | O31: & | P31: =K114 -> 3.7 | Q31: & | R31: =L114 -> 18432.5 | S31: & | T31: =M114 -> 17588.5 | U31: & | V31: =N114 -> 17588.52 | W31: & | X31: =O114 -> 38.67 | Y31: & | Z31: =P114 -> 17567.9 | AA31: & | AB31: =Q114 -> 17588.5 | AC31: & | AD31: =R114 -> 17588.52 | AE31: & | AF31: =S114 -> 68.03 | AG31: & | AH31: =T114 -> 17567.9 | AI31: \\
A32: =MIN(D32,L32,T32,AB32) -> 24588.2 | B32: 10x4B | C32: & | D32: =D115 -> 24588.2 | E32: & | F32: =E115 -> 24588.2 | G32: & | H32: =F115 -> 5.91 | I32: & | J32: =G115 -> 24549.1 | K32: & | L32: =I115 -> 25312.8 | M32: & | N32: =J115 -> 25312.79 | O32: & | P32: =K115 -> 0.85 | Q32: & | R32: =L115 -> 25251.5 | S32: & | T32: =M115 -> 24592.1 | U32: & | V32: =N115 -> 24592.62 | W32: & | X32: =O115 -> 19.53 | Y32: & | Z32: =P115 -> 24554.8 | AA32: & | AB32: =Q115 -> 24592.1 | AC32: & | AD32: =R115 -> 24592.53 | AE32: & | AF32: =S115 -> 48.48 | AG32: & | AH32: =T115 -> 24554.8 | AI32: \\
A33: =MIN(D33,L33,T33,AB33) -> 37798.25 | B33: 15x3B | C33: & | D33: =D116 -> 37798.25 | E33: & | F33: =E116 -> 37798.93 | G33: & | H33: =F116 -> 934.95 | I33: & | J33: =G116 -> 37788.2 | K33: & | L33: =I116 -> 38652.6 | M33: & | N33: =J116 -> 38652.86 | O33: & | P33: =K116 -> 766.15 | Q33: & | R33: =L116 -> 38661.5 | S33: & | T33: =M116 -> 37801 | U33: & | V33: =N116 -> 37810.44 | W33: & | X33: =O116 -> 935.72 | Y33: & | Z33: =P116 -> 37788.8 | AA33: & | AB33: =Q116 -> 37799.6 | AC33: & | AD33: =R116 -> 37812 | AE33: & | AF33: =S116 -> 808.91 | AG33: & | AH33: =T116 -> 37788.9 | AI33: \\
A34: =MIN(D34,L34,T34,AB34) -> 50542.02 | B34: 15x4B | C34: & | D34: =D117 -> 50542.02 | E34: & | F34: =E117 -> 50549.05 | G34: & | H34: =F117 -> 1161.59 | I34: & | J34: =G117 -> 50566.1 | K34: & | L34: =I117 -> 51587.3 | M34: & | N34: =J117 -> 51587.26 | O34: & | P34: =K117 -> 214.84 | Q34: & | R34: =L117 -> 51619.6 | S34: & | T34: =M117 -> 50561.1 | U34: & | V34: =N117 -> 50589.46 | W34: & | X34: =O117 -> 955.5 | Y34: & | Z34: =P117 -> 50586.4 | AA34: & | AB34: =Q117 -> 50561.1 | AC34: & | AD34: =R117 -> 50600.12 | AE34: & | AF34: =S117 -> 1199.45 | AG34: & | AH34: =T117 -> 50586.4 | AI34: \\
... A79: =MIN(D79,L79,T79,AB79) -> 2239781.4 | B79: 100x15C | C79: & | D79: =D162 -> 2239781.4 | E79: & | F79: =E162 -> 2244887 | G79: & | H79: =F162 -> 868.4 | I79: & | J79: =G162 -> 2239764.5 | K79: & | L79: =I162 -> 2249184.4 | M79: & | N79: =J162 -> 2252212.5 | O79: & | P79: =K162 -> 1305.16 | Q79: & | R79: =L162 -> 2248922.3 | S79: & | T79: =M162 -> 2407298.8 | U79: & | V79: =N162 -> 2442178.6 | W79: & | X79: =O162 -> 6456.42 | Y79: & | Z79: =P162 -> 2406960.4 | AA79: & | AB79: =Q162 -> 2407298.8 | AC79: & | AD79: =R162 -> 2442178.6 | AE79: & | AF79: =S162 -> 9953.3 | AG79: & | AH79: =T162 -> 2406960.4 | AI79: \\
W88: Best | AC88: Avg
D89: 5441.25 | E89: 5441.25 | F89: 8.76 | G89: 5443.3 | H89: 5443.3 | I89: 6181.1 | J89: 6181.15 | K89: 0.14 | L89: 6150.9 | M89: 5443.2 | N89: 5450.73 | O89: 21.38 | P89: 5445.3 | Q89: 5443.2 | R89: 5454.89 | S89: 60.11 | T89: 5445.3 | W89: 0 | X89: 13.597059 | Y89: 0.035837354 | Z89: 0.035837354 | AC89: 0 | AD89: 13.597978 | AE89: 0.17422467 | AF89: 0.25067769
D90: 7533.59 | E90: 7533.59 | F90: 2.09 | G90: 7528.4 | H90: 7528.4 | I90: 7744.4 | J90: 7744.35 | K90: 6.08 | L90: 7725.7 | M90: 7533.6 | N90: 7533.63 | O90: 6.21 | P90: 7528.4 | Q90: 7533.6 | R90: 7533.63 | S90: 11.06 | T90: 7528.4 | W90: 0 | X90: 2.7982675 | Y90: 0.00013273884 | Z90: 0.00013273884 | AC90: 0 | AD90: 2.7976038 | AE90: 0.00053095536 | AF90: 0.00053095536
D91: 10019 | E91: 10019 | F91: 14.54 | G91: 10019 | H91: 10019 | I91: 10027.9 | J91: 10027.93 | K91: 103.25 | L91: 10027.9 | M91: 10023.1 | N91: 10023.54 | O91: 4.37 | P91: 10020.9 | Q91: 10023.1 | R91: 10024.4 | S91: 11.01 | T91: 10020.9 | W91: 0 | X91: 0.088831221 | Y91: 0.040922248 | Z91: 0.040922248 | AC91: 0 | AD91: 0.089130652 | AE91: 0.045313904 | AF91: 0.053897595
D92: 13226.2 | E92: 13226.2 | F92: 42.53 | G92: 13227.1 | H92: 13227.1 | I92: 13751.4 | J92: 13751.43 | K92: 14.3 | L92: 13762 | M92: 13238.3 | N92: 13238.3 | O92: 37.41 | P92: 13238.1 | Q92: 13238.3 | R92: 13238.3 | S92: 130.21 | T92: 13238.1 | W92: 0 | X92: 3.9709062 | Y92: 0.091485083 | Z92: 0.091485083 | AC92: 0 | AD92: 3.9711331 | AE92: 0.091485083 | AF92: 0.091485083
D93: 17695 | E93: 17695 | F93: 128.78 | G93: 17695 | H93: 17695 | I93: 18191.5 | J93: 18219.96 | K93: 178.79 | L93: 18191.4 | M93: 17695 | N93: 17695 | O93: 88.32 | P93: 17695 | Q93: 17695 | R93: 17695 | S93: 296.08 | T93: 17695 | W93: 0 | X93: 2.8058774 | Y93: 0 | Z93: 0 | AC93: 0 | AD93: 2.9667138 | AE93: 0 | AF93: 0
D94: 17805.75 | E94: 17805.75 | F94: 176.61 | G94: 17794.8 | H94: 17794.8 | I94: 18087.5 | J94: 18092.65 | K94: 614.66 | L94: 18075.3 | M94: 17805.8 | N94: 17805.81 | O94: 506.49 | P94: 17794.8 | Q94: 17805.8 | R94: 17806.06 | S94: 519.94 | T94: 17794.8 | W94: 0 | X94: 1.582354 | Y94: 0.00028080817 | Z94: 0.00028080817 | AC94: 0 | AD94: 1.6112773 | AE94: 0.0003369698 | AF94: 0.0017410106
D95: 70463.51 | E95: 70464.31 | F95: 968.3 | G95: 70465.9 | H95: 70465.9 | I95: 70666.8 | J95: 70682.86 | K95: 713.61 | L95: 70662.4 | M95: 70469.8 | N95: 70472.26 | O95: 464.07 | P95: 70471.3 | Q95: 70469.8 | R95: 70472.32 | S95: 752.57 | T95: 70471.3 | W95: 0 | X95: 0.28850394 | Y95: 0.0089266061 | Z95: 0.0089266061 | AC95: 0.0011353394 | AD95: 0.31129587 | AE95: 0.012417775 | AF95: 0.012502925
D96: 35221.33 | E96: 35222.38 | F96: 1192.27 | G96: 35227.2 | H96: 35227.2 | I96: 35920.2 | J96: 36061.84 | K96: 894.81 | L96: 35925.5 | M96: 35223.1 | N96: 35227.2 | O96: 927.08 | P96: 35231.3 | Q96: 35224.8 | R96: 35232.45 | S96: 1404.78 | T96: 35231.8 | W96: 0 | X96: 1.9842238 | Y96: 0.0050253639 | Z96: 0.0098519846 | AC96: 0.0029811481 | AD96: 2.3863664 | AE96: 0.016666037 | AF96: 0.031571778
D97: 65003.48 | E97: 65003.48 | F97: 304.02 | G97: 65050.5 | H97: 65050.5 | I97: 65435.9 | J97: 65436.55 | K97: 210.99 | L97: 65433.4 | M97: 65004 | N97: 65013.7 | O97: 736.82 | P97: 65011.4 | Q97: 65004 | R97: 65009.05 | S97: 803.23 | T97: 65011.4 | W97: 0 | X97: 0.66522592 | Y97: 0.00079995717 | Z97: 0.00079995717 | AC97: 0 | AD97: 0.66622587 | AE97: 0.015722235 | AF97: 0.008568772
D98: 63293.84 | E98: 63297.9 | F98: 829.87 | G98: 63297 | H98: 63297 | I98: 64528.8 | J98: 64716.69 | K98: 1174.71 | L98: 64533.1 | M98: 63297.1 | N98: 63311.6 | O98: 1350.66 | P98: 63301.5 | Q98: 63299.6 | R98: 63332.74 | S98: 1234.24 | T98: 63303.6 | W98: 0 | X98: 1.9511535 | Y98: 0.0051505802 | Z98: 0.0091004117 | AC98: 0.0064145263 | AD98: 2.2480071 | AE98: 0.028059603 | AF98: 0.061459377
D99: 53201.45 | E99: 53207.38 | F99: 1145.47 | G99: 53200.2 | H99: 53200.2 | I99: 54360.9 | J99: 54472.18 | K99: 1048.7 | L99: 54366.7 | M99: 53217.4 | N99: 53231.42 | O99: 1539.94 | P99: 53226.5 | Q99: 53231.3 | R99: 53250.43 | S99: 1518.5 | T99: 53237.4 | W99: 0 | X99: 2.1793579 | Y99: 0.029980386 | Z99: 0.056107493 | AC99: 0.011146313 | AD99: 2.3885251 | AE99: 0.056333051 | AF99: 0.09206516
D100: 61352.43 | E100: 61359.5 | F100: 1062.79 | G100: 61362.3 | H100: 61362.3 | I100: 62634.9 | J100: 62919.44 | K100: 1021.26 | L100: 62670.2 | M100: 61382.6 | N100: 61638.83 | O100: 1489.04 | P100: 61390.9 | Q100: 61410.1 | R100: 61664.57 | S100: 1575.11 | T100: 61428.1 | W100: 0 | X100: 2.0903329 | Y100: 0.049174906 | Z100: 0.093997907 | AC100: 0.011523586 | AD100: 2.5541124 | AE100: 0.46681118 | AF100: 0.5087655
... D112: 749159.93 | E112: 751312.57 | F112: 1347.21 | G112: 749120 | H112: 749120 | I112: 762277.7 | J112: 764966.46 | K112: 1076.23 | L112: 762309.2 | M112: 755112.7 | N112: 762027.54 | O112: 2575.53 | P112: 755144.3 | Q112: 765069.7 | R112: 768359.59 | S112: 3336.57 | T112: 765039.5 | W112: 0 | X112: 1.7509973 | Y112: 0.79459268 | Z112: 2.1236814 | AC112: 0.28734051 | AD112: 2.1099006 | AE112: 1.7176052 | AF112: 2.5628253
W113: 0 | X113: 5.0169974 | Y113: 0.0027859889 | Z113: 0.0027859889 | AC113: 0 | AD113: 5.0217165 | AE113: 0.0028997027 | AF113: 0.0028997027
D114: 17588.01 | E114: 17588.01 | F114: 24.11 | G114: 17568.7 | H114: 17568.7 | I114: 18470.4 | J114: 18471.23 | K114: 3.7 | L114: 18432.5 | M114: 17588.5 | N114: 17588.52 | O114: 38.67 | P114: 17567.9 | Q114: 17588.5 | R114: 17588.52 | S114: 68.03 | T114: 17567.9 | W114: 0 | X114: 2.946942 | Y114: 0.015861267 | Z114: 0.015861267 | AC114: 0 | AD114: 2.9469014 | AE114: 0.017976102 | AF114: 0.017610073
D115: 24588.2 | E115: 24588.2 | F115: 5.91 | G115: 24549.1 | H115: 24549.1 | I115: 25312.8 | J115: 25312.79 | K115: 0.85 | L115: 25251.5 | M115: 24592.1 | N115: 24592.62 | O115: 19.53 | P115: 24554.8 | Q115: 24592.1 | R115: 24592.53 | S115: 48.48 | T115: 24554.8 | W115: 0 | X115: 2.2602898 | Y115: 0.0072754691 | Z115: 0.0035715939 | AC115: 0.0017990251 | AD115: 2.2609777 | AE115: 0.03225017 | AF115: 0.036377346
D116: 37798.25 | E116: 37798.93 | F116: 934.95 | G116: 37788.2 | H116: 37788.2 | I116: 38652.6 | J116: 38652.86 | K116: 766.15 | L116: 38661.5 | M116: 37801 | N116: 37810.44 | O116: 935.72 | P116: 37788.8 | Q116: 37799.6 | R116: 37812 | S116: 808.91 | T116: 37788.9 | W116: 0 | X116: 2.0681405 | Y116: 0.037750767 | Z116: 0.037750767 | AC116: 0.013909219 | AD116: 2.0680614 | AE116: 0.093862493 | AF116: 0.11495385
D117: 50542.02 | E117: 50549.05 | F117: 1161.59 | G117: 50566.1 | H117: 50566.1 | I117: 51587.3 | J117: 51587.26 | K117: 214.84 | L117: 51619.6 | M117: 50561.1 | N117: 50589.46 | O117: 955.5 | P117: 50586.4 | Q117: 50561.1 | R117: 50600.12 | S117: 1199.45 | T117: 50586.4 | W117: 0 | X117: 2.8657352 | Y117: 0.040116707 | Z117: 0.052763234 | AC117: 0.0051546606 | AD117: 2.8985521 | AE117: 0.18049316 | AF117: 0.18026905
D118: 62467.74 | E118: 62470.96 | F118: 1096.65 | G118: 62481.1 | H118: 62481.1 | I118: 64257.9 | J118: 64278.4 | K118: 1159.69 | L118: 64277.5 | M118: 62492.8 | N118: 62580.49 | O118: 1173.45 | P118: 62494.5 | Q118: 62500.7 | R118: 62580.35 | S118: 1225.03 | T118: 62502.8 | W118: 0 | X118: 1.4994329 | Y118: 0.10144202 | Z118: 0.19156337 | AC118: 0.16732383 | AD118: 1.5448783 | AE118: 0.2488178 | AF118: 0.33781449
D119: 67575.55 | E119: 67688.62 | F119: 919.69 | G119: 67545.8 | H119: 67545.8 | I119: 68588.8 | J119: 68619.51 | K119: 663.92 | L119: 68559.6 | M119: 67644.1 | N119: 67743.69 | O119: 1168.5 | P119: 67604.5 | Q119: 67705 | R119: 67803.83 | S119: 1313.8 | T119: 67666.1 | W119: 0 | X119: 0.34256114 | Y119: 0.0020533963 | Z119: 0.011492395 | AC119: 0.022579079 | AD119: 0.37644632 | AE119: 0.032162975 | AF119: 0.051380445
D120: 241551.04 | E120: 241605.58 | F120: 1094.73 | G120: 241567.5 | H120: 241567.5 | I120: 242378.5 | J120: 242460.35 | K120: 1083.88 | L120: 242363.6 | M120: 241556 | N120: 241628.73 | O120: 1427.53 | P120: 241570.1 | Q120: 241578.8 | R120: 241675.15 | S120: 1404.74 | T120: 241592.1 | W120: 0 | X120: 1.7536242 | Y120: 0.16086525 | Z120: 0.32547683 | AC120: 0.13893742 | AD120: 2.1229131 | AE120: 0.43459205 | AF120: 0.67607768
D121: 114511.99 | E121: 114671.09 | F121: 1505.15 | G121: 114496.9 | H121: 114496.9 | I121: 116520.1 | J121: 116942.98 | K121: 1157.7 | L121: 116547.9 | M121: 114696.2 | N121: 115009.65 | O121: 1495.34 | P121: 114694.1 | Q121: 114884.7 | R121: 115286.18 | S121: 1588.61 | T121: 114875.6 | W121: 0 | X121: 0.61138812 | Y121: 0.037558128 | Z121: 0.065253424 | AC121: 0.030555765 | AD121: 0.6528732 | AE121: 0.075748701 | AF121: 0.11189313
D122: 241918.34 | E122: 241992.26 | F122: 1234.61 | G122: 241922.1 | H122: 241922.1 | I122: 243397.4 | J122: 243497.76 | K122: 929.23 | L122: 243407.9 | M122: 242009.2 | N122: 242101.59 | O122: 1437.79 | P122: 242019.8 | Q122: 242076.2 | R122: 242189.03 | S122: 1435.96 | T122: 242079.8 | W122: 0 | X122: 1.1460493 | Y122: 0.20353625 | Z122: 0.28151304 | AC122: 0.16393508 | AD122: 1.2174795 | AE122: 0.32514838 | AF122: 0.37246552
D123: 195827.52 | E123: 196148.55 | F123: 1159.56 | G123: 195835.5 | H123: 195835.5 | I123: 198071.8 | J123: 198211.68 | K123: 1174.17 | L123: 198065.7 | M123: 196226.1 | N123: 196464.25 | O123: 1627.26 | P123: 196259.7 | Q123: 196378.8 | R123: 196556.91 | S123: 1560.94 | T123: 196401.9 | W123: 0 | X123: 1.1577058 | Y123: 0.34225795 | Z123: 0.34225795 | AC123: 0.11878292 | AD123: 1.4242649 | AE123: 0.48620704 | AF123: 0.56028263
D124: 194666.04 | E124: 194897.27 | F124: 1560.59 | G124: 194757.9 | H124: 194757.9 | I124: 196919.7 | J124: 197438.6 | K124: 1292.71 | L124: 197075.4 | M124: 195332.3 | N124: 195612.52 | O124: 1526.32 | P124: 195457 | Q124: 195332.3 | R124: 195756.72 | S124: 1448.87 | T124: 195457 | W124: 0 | X124: 0.94159514 | Y124: 0.075846206 | Z124: 0.29265614 | AC124: 0.12115118 | AD124: 1.1157736 | AE124: 0.40567757 | AF124: 0.58581417
D125: 201236.17 | E125: 201479.97 | F125: 1418.54 | G125: 201248.1 | H125: 201248.1 | I125: 203131 | J125: 203481.51 | K125: 1383.29 | L125: 203169.7 | M125: 201388.8 | N125: 202052.54 | O125: 1402.17 | P125: 201382.6 | Q125: 201825.1 | R125: 202415.04 | S125: 1259.14 | T125: 201837.1 | W125: 0 | X125: 0.84615627 | Y125: 0.30804734 | Z125: 0.33628458 | AC125: 0.097532856 | AD125: 0.99141137 | AE125: 0.39921702 | AF125: 0.4640254
... D137: 2525547.2 | E137: 2531717.2 | F137: 1294.62 | G137: 2525141.9 | H137: 2525141.9 | I137: 2542112.9 | J137: 2545782.7 | K137: 1304.12 | L137: 2542001 | M137: 2602788.3 | N137: 2618073.1 | O137: 7228.62 | P137: 2602501.2 | Q137: 2602788.3 | R137: 2618089.7 | S137: 17918.78 | T137: 2602501.2 | W137: 0 | X137: 908.44556 | Y137: 2.0314997 | Z137: 2.0314997 | AC137: 7.5325268 | AD137: 1078.2926 | AE137: 16.046565 | AF137: 16.046565
W138: 6.25 | X138: 946.25 | Y138: 6.25 | Z138: 0 | AC138: 23.125 | AD138: 1309.75 | AE138: 57.8125 | AF138: 49.0625
D139: 43.81 | E139: 47.11 | F139: 960.01 | G139: 51.2 | H139: 51.2 | I139: 441.8 | J139: 516.21 | K139: 1009.39 | L139: 438.9 | M139: 44.7 | N139: 50.84 | O139: 621.42 | P139: 46 | Q139: 44.7 | R139: 50.84 | S139: 614.26 | T139: 46 | W139: 0 | X139: 4.218044 | Y139: 0.78388 | Z139: 0.18005765 | AC139: 0.95425713 | AD139: 4.4949068 | AE139: 2.780729 | AF139: 2.3899991
D140: 17 | E140: 19.7 | F140: 1023 | G140: 23.2 | H140: 23.2 | I140: 167.4 | J140: 225.56 | K140: 830.12 | L140: 175.3 | M140: 17 | N140: 25.25 | O140: 641.5 | P140: 23.2 | Q140: 16 | R140: 23.85 | S140: 949.34 | T140: 20.1 | W140: 0 | X140: 334.22317 | Y140: 41.457555 | Z140: 54.991991 | AC140: 61.438868 | AD140: 370.68873 | AE140: 90.854245 | AF140: 100.19487
D141: 8264.02 | E141: 8342.88 | F141: 297.22 | G141: 8288.9 | H141: 8288.9 | I141: 8612.6 | J141: 8635.48 | K141: 486.64 | L141: 8636.1 | M141: 8328.8 | N141: 8493.82 | O141: 416.89 | P141: 8284.3 | Q141: 8278.9 | R141: 8461.53 | S141: 491.07 | T141: 8287.4 | W141: 0.47165926 | X141: 0.0084387616 | Y141: 0.004388156 | Z141: 0 | AC141: 1.3290374 | AD141: 1.5171881 | AE141: 1.1997219 | AF141: 1.1217477
D142: 374.6 | E142: 604.75 | F142: 907.73 | G142: 353.4 | H142: 353.4 | I142: 1626.6 | J142: 1763.2 | K142: 790.16 | L142: 1607 | M142: 529.9 | N142: 714.94 | O142: 924.88 | P142: 508.7 | Q142: 580.6 | R142: 749.93 | S142: 921.61 | T142: 560.1 | W142: 0 | X142: 9.0771204 | Y142: 2.2078761 | Z142: 2.2078761 | AC142: 8.7533798 | AD142: 13.197905 | AE142: 11.018992 | AF142: 11.018992
D143: 29764.93 | E143: 30018.93 | F143: 784.09 | G143: 29791.1 | H143: 29791.1 | I143: 29627.7 | J143: 30074.67 | K143: 894.39 | L143: 29690.9 | M143: 29626.5 | N143: 29980.62 | O143: 1066.67 | P143: 29695.5 | Q143: 29625.2 | R143: 29957.52 | S143: 1112.56 | T143: 29702 | W143: 0.26061075 | X143: 0.43232158 | Y143: 0 | Z143: 0 | AC143: 0.54817158 | AD143: 0.87599312 | AE143: 0.75478476 | AF143: 0.79983146
D144: 5248.03 | E144: 5707.41 | F144: 305.23 | G144: 5193.2 | H144: 5193.2 | I144: 5724.4 | J144: 5940.66 | K144: 1204.43 | L144: 5685.2 | M144: 5363.9 | N144: 5826.31 | O144: 279.39 | P144: 5346.3 | Q144: 5363.9 | R144: 5826.31 | S144: 326.69 | T144: 5346.3 | W144: 0.019101782 | X144: 3.9377122 | Y144: 0 | Z144: 0.31477906 | AC144: 0.96343896 | AD144: 4.5451946 | AE144: 1.0731084 | AF144: 1.583572
D145: 82328.8 | E145: 82564.93 | F145: 1060.08 | G145: 82390.3 | H145: 82390.3 | I145: 82469.8 | J145: 82834.12 | K145: 916.44 | L145: 82567.7 | M145: 82114.8 | N145: 82734.59 | O145: 887.57 | P145: 82179.4 | Q145: 82114.8 | R145: 82771.58 | S145: 866.42 | T145: 82179.4 | W145: 0.98381528 | X145: 0 | Y145: 1.1533766 | Z145: 1.1533766 | AC145: 1.9568957 | AD145: 1.7791625 | AE145: 2.3285642 | AF145: 2.3140513
D146: 43721.55 | E146: 44134.35 | F146: 1488.81 | G146: 43829.2 | H146: 43829.2 | I146: 45434.5 | J146: 45700.05 | K146: 1065.52 | L146: 45533.9 | M146: 43713.2 | N146: 44182.29 | O146: 1202.75 | P146: 43800 | Q146: 43850.8 | R146: 44405.43 | S146: 1578.22 | T146: 43906.6 | W146: 0 | X146: 2.8146982 | Y146: 1.7035335 | Z146: 3.2351134 | AC146: 2.0003096 | AD146: 4.1023379 | AE146: 3.3879636 | AF146: 4.87014
D147: 121351.14 | E147: 122520.48 | F147: 1198 | G147: 121631.9 | H147: 121631.9 | I147: 120168.9 | J147: 122306.9 | K147: 853.01 | L147: 120521.3 | M147: 121554.9 | N147: 122967.11 | O147: 1066.88 | P147: 121856.2 | Q147: 121554.9 | R147: 122949.67 | S147: 1179.93 | T147: 121856.2 | W147: 0 | X147: 6.995424 | Y147: 1.9704753 | Z147: 2.8862781 | AC147: 0.92031443 | AD147: 8.1856375 | AE147: 4.0922823 | AF147: 5.1505586
D148: 42243.96 | E148: 43088.97 | F148: 1425.05 | G148: 42307.7 | H148: 42307.7 | I148: 43433 | J148: 43976.95 | K148: 1267.38 | L148: 43476.7 | M148: 42963.6 | N148: 43675.17 | O148: 1404.38 | P148: 42947.2 | Q148: 43610.6 | R148: 44301.3 | S148: 1379.75 | T148: 43692.1 | W148: 0 | X148: 5.8553759 | Y148: 1.4625522 | Z148: 3.1947682 | AC148: 1.2643612 | AD148: 8.3965272 | AE148: 3.4535951 | AF148: 4.7673644
D149: 36350.62 | E149: 36685.16 | F149: 1488.08 | G149: 36448.9 | H149: 36448.9 | I149: 38893.5 | J149: 39326.15 | K149: 1445.19 | L149: 38973.4 | M149: 37066.9 | N149: 37838.19 | O149: 1480.61 | P149: 37098.9 | Q149: 37399.8 | R149: 38222.88 | S149: 1554.61 | T149: 37571.1 | W149: 0 | X149: 3.3298673 | Y149: 2.8203432 | Z149: 4.1205168 | AC149: 1.2177359 | AD149: 4.7568027 | AE149: 4.1004221 | AF149: 5.0323876
D150: 35803.85 | E150: 36256.54 | F150: 1511.16 | G150: 35853.2 | H150: 35853.2 | I150: 37900.3 | J150: 38810.13 | K150: 1192.48 | L150: 37937.8 | M150: 36327.5 | N150: 37040.37 | O150: 1373.59 | P150: 36318.9 | Q150: 36947.7 | R150: 37510.75 | S150: 1356.19 | T150: 37037 | W150: 0 | X150: 1.6453316 | Y150: 2.9060346 | Z150: 3.2736049 | AC150: 1.1382525 | AD150: 3.4931241 | AE150: 3.8400688 | AF150: 4.2771224
... D160: 1098289.2 | E160: 1100530.5 | F160: 1185.06 | G160: 1098116.4 | H160: 1098116.4 | I160: 1105294.6 | J160: 1108670.9 | K160: 972.05 | L160: 1105334.4 | M160: 1126571.3 | N160: 1161996.6 | O160: 2541.05 | P160: 1126461.6 | Q160: 1172733.8 | R160: 1200447.9 | S160: 3887.53 | T160: 1172570.9 | W160: 0 | X160: 0.41981865 | Y160: 7.4791862 | Z160: 7.4791862 | AC160: 0.22795082 | AD160: 0.55501667 | AE160: 9.0364739 | AF160: 9.0364739
D161: 2230299.8 | E161: 2235967 | F161: 856.97 | G161: 2229970.4 | H161: 2229970.4 | I161: 2243621.8 | J161: 2245878 | K161: 721.69 | L161: 2243292.8 | M161: 2340771 | N161: 2397956.2 | O161: 5126.92 | P161: 2340610.6 | Q161: 2340771 | R161: 2397956.2 | S161: 8312.82 | T161: 2340610.6
D162: 2239781.4 | E162: 2244887 | F162: 868.4 | G162: 2239764.5 | H162: 2239764.5 | I162: 2249184.4 | J162: 2252212.5 | K162: 1305.16 | L162: 2248922.3 | M162: 2407298.8 | N162: 2442178.6 | O162: 6456.42 | P162: 2406960.4 | Q162: 2407298.8 | R162: 2442178.6 | S162: 9953.3 | T162: 2406960.4

Sheet resultOnlatex2ABC16Dec24
B1: 10x3A | C1: & | D1: =IF(E1=MIN(E1,Q1,AC1,AO1),"\textbf{","") -> \textbf{ | E1: =resultOnlatexABC16Dec24!D6 -> 5441.25 | F1: =IF(E1=MIN(E1,Q1,AC1,AO1),"}","") -> } | G1: & | H1: =IF(I1=MIN(I1,U1,AG1,AS1),"\textbf{","") -> \textbf{ | I1: =resultOnlatexABC16Dec24!F6 -> 5441.25 | J1: =IF(I1=MIN(I1,U1,AG1,AS1),"}","") -> } | K1: & | L1: =resultOnlatexABC16Dec24!H6 -> 8.76 | M1: & | N1: =resultOnlatexABC16Dec24!J6 -> 5443.3 | O1: & | P1: =IF(Q1=MIN(E1,Q1,AC1,AO1),"\textbf{","") | Q1: =resultOnlatexABC16Dec24!L6 -> 6181.1 | R1: =IF(Q1=MIN(E1,Q1,AC1,AO1),"}","") | S1: & | T1: =IF(U1=MIN(I1,U1,AG1,AS1),"\textbf{","") | U1: =resultOnlatexABC16Dec24!N6 -> 6181.15 | V1: =IF(U1=MIN(I1,U1,AG1,AS1),"}","") | W1: & | X1: =resultOnlatexABC16Dec24!P6 -> 0.14 | Y1: & | Z1: =resultOnlatexABC16Dec24!R6 -> 6150.9 | AA1: & | AB1: =IF(AC1=MIN(E1,Q1,AC1,AO1),"\textbf{","") | AC1: =resultOnlatexABC16Dec24!T6 -> 5443.2 | AD1: =IF(AC1=MIN(E1,Q1,AC1,AO1),"}","") | AE1: & | AF1: =IF(AG1=MIN(I1,U1,AG1,AS1),"\textbf{","") | AG1: =resultOnlatexABC16Dec24!V6 -> 5450.73 | AH1: =IF(AG1=MIN(I1,U1,AG1,AS1),"}","") | AI1: & | AJ1: =resultOnlatexABC16Dec24!X6 -> 21.38 | AK1: & | AL1: =resultOnlatexABC16Dec24!Z6 -> 5445.3 | AM1: & | AN1: =IF(AO1=MIN(E1,Q1,AC1,AO1),"\textbf{","") | AO1: =resultOnlatexABC16Dec24!AB6 -> 5443.2 | AP1: =IF(AO1=MIN(E1,Q1,AC1,AO1),"}","") | AQ1: & | AR1: =IF(AS1=MIN(I1,U1,AG1,AS1),"\textbf{","") | AS1: =resultOnlatexABC16Dec24!AD6 -> 5454.89 | AT1: =IF(AS1=MIN(I1,U1,AG1,AS1),"}","") | AU1: & | AV1: =resultOnlatexABC16Dec24!AF6 -> 60.11 | AW1: & | AX1: =resultOnlatexABC16Dec24!AH6 -> 5445.3 | AY1: \\
B2: 10x4A | C2: & | D2: =IF(E2=MIN(E2,Q2,AC2,AO2),"\textbf{","") -> \textbf{ | E2: =resultOnlatexABC16Dec24!D7 -> 7533.59 | F2: =IF(E2=MIN(E2,Q2,AC2,AO2),"}","") -> } | G2: & | H2: =IF(I2=MIN(I2,U2,AG2,AS2),"\textbf{","") -> \textbf{ | I2: =resultOnlatexABC16Dec24!F7 -> 7533.59 | J2: =IF(I2=MIN(I2,U2,AG2,AS2),"}","") -> } | K2: & | L2: =resultOnlatexABC16Dec24!H7 -> 2.09 | M2: & | N2: =resultOnlatexABC16Dec24!J7 -> 7528.4 | O2: & | P2: =IF(Q2=MIN(E2,Q2,AC2,AO2),"\textbf{","") | Q2: =resultOnlatexABC16Dec24!L7 -> 7744.4 | R2: =IF(Q2=MIN(E2,Q2,AC2,AO2),"}","") | S2: & | T2: =IF(U2=MIN(I2,U2,AG2,AS2),"\textbf{","") | U2: =resultOnlatexABC16Dec24!N7 -> 7744.35 | V2: =IF(U2=MIN(I2,U2,AG2,AS2),"}","") | W2: & | X2: =resultOnlatexABC16Dec24!P7 -> 6.08 | Y2: & | Z2: =resultOnlatexABC16Dec24!R7 -> 7725.7 | AA2: & | AB2: =IF(AC2=MIN(E2,Q2,AC2,AO2),"\textbf{","") | AC2: =resultOnlatexABC16Dec24!T7 -> 7533.6 | AD2: =IF(AC2=MIN(E2,Q2,AC2,AO2),"}","") | AE2: & | AF2: =IF(AG2=MIN(I2,U2,AG2,AS2),"\textbf{","") | AG2: =resultOnlatexABC16Dec24!V7 -> 7533.63 | AH2: =IF(AG2=MIN(I2,U2,AG2,AS2),"}","") | AI2: & | AJ2: =resultOnlatexABC16Dec24!X7 -> 6.21 | AK2: & | AL2: =resultOnlatexABC16Dec24!Z7 -> 7528.4 | AM2: & | AN2: =IF(AO2=MIN(E2,Q2,AC2,AO2),"\textbf{","") | AO2: =resultOnlatexABC16Dec24!AB7 -> 7533.6 | AP2: =IF(AO2=MIN(E2,Q2,AC2,AO2),"}","") | AQ2: & | AR2: =IF(AS2=MIN(I2,U2,AG2,AS2),"\textbf{","") | AS2: =resultOnlatexABC16Dec24!AD7 -> 7533.63 | AT2: =IF(AS2=MIN(I2,U2,AG2,AS2),"}","") | AU2: & | AV2: =resultOnlatexABC16Dec24!AF7 -> 11.06 | AW2: & | AX2: =resultOnlatexABC16Dec24!AH7 -> 7528.4 | AY2: \\
B3: 15x3A | C3: & | D3: =IF(E3=MIN(E3,Q3,AC3,AO3),"\textbf{","") -> \textbf{ | E3: =resultOnlatexABC16Dec24!D8 -> 10019 | F3: =IF(E3=MIN(E3,Q3,AC3,AO3),"}","") -> } | G3: & | H3: =IF(I3=MIN(I3,U3,AG3,AS3),"\textbf{","") -> \textbf{ | I3: =resultOnlatexABC16Dec24!F8 -> 10019 | J3: =IF(I3=MIN(I3,U3,AG3,AS3),"}","") -> } | K3: & | L3: =resultOnlatexABC16Dec24!H8 -> 14.54 | M3: & | N3: =resultOnlatexABC16Dec24!J8 -> 10019 | O3: & | P3: =IF(Q3=MIN(E3,Q3,AC3,AO3),"\textbf{","") | Q3: =resultOnlatexABC16Dec24!L8 -> 10027.9 | R3: =IF(Q3=MIN(E3,Q3,AC3,AO3),"}","") | S3: & | T3: =IF(U3=MIN(I3,U3,AG3,AS3),"\textbf{","") | U3: =resultOnlatexABC16Dec24!N8 -> 10027.93 | V3: =IF(U3=MIN(I3,U3,AG3,AS3),"}","") | W3: & | X3: =resultOnlatexABC16Dec24!P8 -> 103.25 | Y3: & | Z3: =resultOnlatexABC16Dec24!R8 -> 10027.9 | AA3: & | AB3: =IF(AC3=MIN(E3,Q3,AC3,AO3),"\textbf{","") | AC3: =resultOnlatexABC16Dec24!T8 -> 10023.1 | AD3: =IF(AC3=MIN(E3,Q3,AC3,AO3),"}","") | AE3: & | AF3: =IF(AG3=MIN(I3,U3,AG3,AS3),"\textbf{","") | AG3: =resultOnlatexABC16Dec24!V8 -> 10023.54 | AH3: =IF(AG3=MIN(I3,U3,AG3,AS3),"}","") | AI3: & | AJ3: =resultOnlatexABC16Dec24!X8 -> 4.37 | AK3: & | AL3: =resultOnlatexABC16Dec24!Z8 -> 10020.9 | AM3: & | AN3: =IF(AO3=MIN(E3,Q3,AC3,AO3),"\textbf{","") | AO3: =resultOnlatexABC16Dec24!AB8 -> 10023.1 | AP3: =IF(AO3=MIN(E3,Q3,AC3,AO3),"}","") | AQ3: & | AR3: =IF(AS3=MIN(I3,U3,AG3,AS3),"\textbf{","") | AS3: =resultOnlatexABC16Dec24!AD8 -> 10024.4 | AT3: =IF(AS3=MIN(I3,U3,AG3,AS3),"}","") | AU3: & | AV3: =resultOnlatexABC16Dec24!AF8 -> 11.01 | AW3: & | AX3: =resultOnlatexABC16Dec24!AH8 -> 10020.9 | AY3: \\
B4: 15x4A | C4: & | D4: =IF(E4=MIN(E4,Q4,AC4,AO4),"\textbf{","") -> \textbf{ | E4: =resultOnlatexABC16Dec24!D9 -> 13226.2 | F4: =IF(E4=MIN(E4,Q4,AC4,AO4),"}","") -> } | G4: & | H4: =IF(I4=MIN(I4,U4,AG4,AS4),"\textbf{","") -> \textbf{ | I4: =resultOnlatexABC16Dec24!F9 -> 13226.2 | J4: =IF(I4=MIN(I4,U4,AG4,AS4),"}","") -> } | K4: & | L4: =resultOnlatexABC16Dec24!H9 -> 42.53 | M4: & | N4: =resultOnlatexABC16Dec24!J9 -> 13227.1 | O4: & | P4: =IF(Q4=MIN(E4,Q4,AC4,AO4),"\textbf{","") | Q4: =resultOnlatexABC16Dec24!L9 -> 13751.4 | R4: =IF(Q4=MIN(E4,Q4,AC4,AO4),"}","") | S4: & | T4: =IF(U4=MIN(I4,U4,AG4,AS4),"\textbf{","") | U4: =resultOnlatexABC16Dec24!N9 -> 13751.43 | V4: =IF(U4=MIN(I4,U4,AG4,AS4),"}","") | W4: & | X4: =resultOnlatexABC16Dec24!P9 -> 14.3 | Y4: & | Z4: =resultOnlatexABC16Dec24!R9 -> 13762 | AA4: & | AB4: =IF(AC4=MIN(E4,Q4,AC4,AO4),"\textbf{","") | AC4: =resultOnlatexABC16Dec24!T9 -> 13238.3 | AD4: =IF(AC4=MIN(E4,Q4,AC4,AO4),"}","") | AE4: & | AF4: =IF(AG4=MIN(I4,U4,AG4,AS4),"\textbf{","") | AG4: =resultOnlatexABC16Dec24!V9 -> 13238.3 | AH4: =IF(AG4=MIN(I4,U4,AG4,AS4),"}","") | AI4: & | AJ4: =resultOnlatexABC16Dec24!X9 -> 37.41 | AK4: & | AL4: =resultOnlatexABC16Dec24!Z9 -> 13238.1 | AM4: & | AN4: =IF(AO4=MIN(E4,Q4,AC4,AO4),"\textbf{","") | AO4: =resultOnlatexABC16Dec24!AB9 -> 13238.3 | AP4: =IF(AO4=MIN(E4,Q4,AC4,AO4),"}","") | AQ4: & | AR4: =IF(AS4=MIN(I4,U4,AG4,AS4),"\textbf{","") | AS4: =resultOnlatexABC16Dec24!AD9 -> 13238.3 | AT4: =IF(AS4=MIN(I4,U4,AG4,AS4),"}","") | AU4: & | AV4: =resultOnlatexABC16Dec24!AF9 -> 130.21 | AW4: & | AX4: =resultOnlatexABC16Dec24!AH9 -> 13238.1 | AY4: \\
B5: 20x3A | C5: & | D5: =IF(E5=MIN(E5,Q5,AC5,AO5),"\textbf{","") -> \textbf{ | E5: =resultOnlatexABC16Dec24!D10 -> 17695 | F5: =IF(E5=MIN(E5,Q5,AC5,AO5),"}","") -> } | G5: & | H5: =IF(I5=MIN(I5,U5,AG5,AS5),"\textbf{","") -> \textbf{ | I5: =resultOnlatexABC16Dec24!F10 -> 17695 | J5: =IF(I5=MIN(I5,U5,AG5,AS5),"}","") -> } | K5: & | L5: =resultOnlatexABC16Dec24!H10 -> 128.78 | M5: & | N5: =resultOnlatexABC16Dec24!J10 -> 17695 | O5: & | P5: =IF(Q5=MIN(E5,Q5,AC5,AO5),"\textbf{","") | Q5: =resultOnlatexABC16Dec24!L10 -> 18191.5 | R5: =IF(Q5=MIN(E5,Q5,AC5,AO5),"}","") | S5: & | T5: =IF(U5=MIN(I5,U5,AG5,AS5),"\textbf{","") | U5: =resultOnlatexABC16Dec24!N10 -> 18219.96 | V5: =IF(U5=MIN(I5,U5,AG5,AS5),"}","") | W5: & | X5: =resultOnlatexABC16Dec24!P10 -> 178.79 | Y5: & | Z5: =resultOnlatexABC16Dec24!R10 -> 18191.4 | AA5: & | AB5: =IF(AC5=MIN(E5,Q5,AC5,AO5),"\textbf{","") -> \textbf{ | AC5: =resultOnlatexABC16Dec24!T10 -> 17695 | AD5: =IF(AC5=MIN(E5,Q5,AC5,AO5),"}","") -> } | AE5: & | AF5: =IF(AG5=MIN(I5,U5,AG5,AS5),"\textbf{","") -> \textbf{ | AG5: =resultOnlatexABC16Dec24!V10 -> 17695 | AH5: =IF(AG5=MIN(I5,U5,AG5,AS5),"}","") -> } | AI5: & | AJ5: =resultOnlatexABC16Dec24!X10 -> 88.32 | AK5: & | AL5: =resultOnlatexABC16Dec24!Z10 -> 17695 | AM5: & | AN5: =IF(AO5=MIN(E5,Q5,AC5,AO5),"\textbf{","") -> \textbf{ | AO5: =resultOnlatexABC16Dec24!AB10 -> 17695 | AP5: =IF(AO5=MIN(E5,Q5,AC5,AO5),"}","") -> } | AQ5: & | AR5: =IF(AS5=MIN(I5,U5,AG5,AS5),"\textbf{","") -> \textbf{ | AS5: =resultOnlatexABC16Dec24!AD10 -> 17695 | AT5: =IF(AS5=MIN(I5,U5,AG5,AS5),"}","") -> } | AU5: & | AV5: =resultOnlatexABC16Dec24!AF10 -> 296.08 | AW5: & | AX5: =resultOnlatexABC16Dec24!AH10 -> 17695 | AY5: \\
B6: 20x4A | C6: & | D6: =IF(E6=MIN(E6,Q6,AC6,AO6),"\textbf{","") -> \textbf{ | E6: =resultOnlatexABC16Dec24!D11 -> 17805.75 | F6: =IF(E6=MIN(E6,Q6,AC6,AO6),"}","") -> } | G6: & | H6: =IF(I6=MIN(I6,U6,AG6,AS6),"\textbf{","") -> \textbf{ | I6: =resultOnlatexABC16Dec24!F11 -> 17805.75 | J6: =IF(I6=MIN(I6,U6,AG6,AS6),"}","") -> } | K6: & | L6: =resultOnlatexABC16Dec24!H11 -> 176.61 | M6: & | N6: =resultOnlatexABC16Dec24!J11 -> 17794.8 | O6: & | P6: =IF(Q6=MIN(E6,Q6,AC6,AO6),"\textbf{","") | Q6: =resultOnlatexABC16Dec24!L11 -> 18087.5 | R6: =IF(Q6=MIN(E6,Q6,AC6,AO6),"}","") | S6: & | T6: =IF(U6=MIN(I6,U6,AG6,AS6),"\textbf{","") | U6: =resultOnlatexABC16Dec24!N11 -> 18092.65 | V6: =IF(U6=MIN(I6,U6,AG6,AS6),"}","") | W6: & | X6: =resultOnlatexABC16Dec24!P11 -> 614.66 | Y6: & | Z6: =resultOnlatexABC16Dec24!R11 -> 18075.3 | AA6: & | AB6: =IF(AC6=MIN(E6,Q6,AC6,AO6),"\textbf{","") | AC6: =resultOnlatexABC16Dec24!T11 -> 17805.8 | AD6: =IF(AC6=MIN(E6,Q6,AC6,AO6),"}","") | AE6: & | AF6: =IF(AG6=MIN(I6,U6,AG6,AS6),"\textbf{","") | AG6: =resultOnlatexABC16Dec24!V11 -> 17805.81 | AH6: =IF(AG6=MIN(I6,U6,AG6,AS6),"}","") | AI6: & | AJ6: =resultOnlatexABC16Dec24!X11 -> 506.49 | AK6: & | AL6: =resultOnlatexABC16Dec24!Z11 -> 17794.8 | AM6: & | AN6: =IF(AO6=MIN(E6,Q6,AC6,AO6),"\textbf{","") | AO6: =resultOnlatexABC16Dec24!AB11 -> 17805.8 | AP6: =IF(AO6=MIN(E6,Q6,AC6,AO6),"}","") | AQ6: & | AR6: =IF(AS6=MIN(I6,U6,AG6,AS6),"\textbf{","") | AS6: =resultOnlatexABC16Dec24!AD11 -> 17806.06 | AT6: =IF(AS6=MIN(I6,U6,AG6,AS6),"}","") | AU6: & | AV6: =resultOnlatexABC16Dec24!AF11 -> 519.94 | AW6: & | AX6: =resultOnlatexABC16Dec24!AH11 -> 17794.8 | AY6: \\
B7: 25x3A | C7: & | D7: =IF(E7=MIN(E7,Q7,AC7,AO7),"\textbf{","") -> \textbf{ | E7: =resultOnlatexABC16Dec24!D12 -> 70463.51 | F7: =IF(E7=MIN(E7,Q7,AC7,AO7),"}","") -> } | G7: & | H7: =IF(I7=MIN(I7,U7,AG7,AS7),"\textbf{","") -> \textbf{ | I7: =resultOnlatexABC16Dec24!F12 -> 70464.31 | J7: =IF(I7=MIN(I7,U7,AG7,AS7),"}","") -> } | K7: & | L7: =resultOnlatexABC16Dec24!H12 -> 968.3 | M7: & | N7: =resultOnlatexABC16Dec24!J12 -> 70465.9 | O7: & | P7: =IF(Q7=MIN(E7,Q7,AC7,AO7),"\textbf{","") | Q7: =resultOnlatexABC16Dec24!L12 -> 70666.8 | R7: =IF(Q7=MIN(E7,Q7,AC7,AO7),"}","") | S7: & | T7: =IF(U7=MIN(I7,U7,AG7,AS7),"\textbf{","") | U7: =resultOnlatexABC16Dec24!N12 -> 70682.86 | V7: =IF(U7=MIN(I7,U7,AG7,AS7),"}","") | W7: & | X7: =resultOnlatexABC16Dec24!P12 -> 713.61 | Y7: & | Z7: =resultOnlatexABC16Dec24!R12 -> 70662.4 | AA7: & | AB7: =IF(AC7=MIN(E7,Q7,AC7,AO7),"\textbf{","") | AC7: =resultOnlatexABC16Dec24!T12 -> 70469.8 | AD7: =IF(AC7=MIN(E7,Q7,AC7,AO7),"}","") | AE7: & | AF7: =IF(AG7=MIN(I7,U7,AG7,AS7),"\textbf{","") | AG7: =resultOnlatexABC16Dec24!V12 -> 70472.26 | AH7: =IF(AG7=MIN(I7,U7,AG7,AS7),"}","") | AI7: & | AJ7: =resultOnlatexABC16Dec24!X12 -> 464.07 | AK7: & | AL7: =resultOnlatexABC16Dec24!Z12 -> 70471.3 | AM7: & | AN7: =IF(AO7=MIN(E7,Q7,AC7,AO7),"\textbf{","") | AO7: =resultOnlatexABC16Dec24!AB12 -> 70469.8 | AP7: =IF(AO7=MIN(E7,Q7,AC7,AO7),"}","") | AQ7: & | AR7: =IF(AS7=MIN(I7,U7,AG7,AS7),"\textbf{","") | AS7: =resultOnlatexABC16Dec24!AD12 -> 70472.32 | AT7: =IF(AS7=MIN(I7,U7,AG7,AS7),"}","") | AU7: & | AV7: =resultOnlatexABC16Dec24!AF12 -> 752.57 | AW7: & | AX7: =resultOnlatexABC16Dec24!AH12 -> 70471.3 | AY7: \\
B8: 25x5A | C8: & | D8: =IF(E8=MIN(E8,Q8,AC8,AO8),"\textbf{","") -> \textbf{ | E8: =resultOnlatexABC16Dec24!D13 -> 35221.33 | F8: =IF(E8=MIN(E8,Q8,AC8,AO8),"}","") -> } | G8: & | H8: =IF(I8=MIN(I8,U8,AG8,AS8),"\textbf{","") -> \textbf{ | I8: =resultOnlatexABC16Dec24!F13 -> 35222.38 | J8: =IF(I8=MIN(I8,U8,AG8,AS8),"}","") -> } | K8: & | L8: =resultOnlatexABC16Dec24!H13 -> 1192.27 | M8: & | N8: =resultOnlatexABC16Dec24!J13 -> 35227.2 | O8: & | P8: =IF(Q8=MIN(E8,Q8,AC8,AO8),"\textbf{","") | Q8: =resultOnlatexABC16Dec24!L13 -> 35920.2 | R8: =IF(Q8=MIN(E8,Q8,AC8,AO8),"}","") | S8: & | T8: =IF(U8=MIN(I8,U8,AG8,AS8),"\textbf{","") | U8: =resultOnlatexABC16Dec24!N13 -> 36061.84 | V8: =IF(U8=MIN(I8,U8,AG8,AS8),"}","") | W8: & | X8: =resultOnlatexABC16Dec24!P13 -> 894.81 | Y8: & | Z8: =resultOnlatexABC16Dec24!R13 -> 35925.5 | AA8: & | AB8: =IF(AC8=MIN(E8,Q8,AC8,AO8),"\textbf{","") | AC8: =resultOnlatexABC16Dec24!T13 -> 35223.1 | AD8: =IF(AC8=MIN(E8,Q8,AC8,AO8),"}","") | AE8: & | AF8: =IF(AG8=MIN(I8,U8,AG8,AS8),"\textbf{","") | AG8: =resultOnlatexABC16Dec24!V13 -> 35227.2 | AH8: =IF(AG8=MIN(I8,U8,AG8,AS8),"}","") | AI8: & | AJ8: =resultOnlatexABC16Dec24!X13 -> 927.08 | AK8: & | AL8: =resultOnlatexABC16Dec24!Z13 -> 35231.3 | AM8: & | AN8: =IF(AO8=MIN(E8,Q8,AC8,AO8),"\textbf{","") | AO8: =resultOnlatexABC16Dec24!AB13 -> 35224.8 | AP8: =IF(AO8=MIN(E8,Q8,AC8,AO8),"}","") | AQ8: & | AR8: =IF(AS8=MIN(I8,U8,AG8,AS8),"\textbf{","") | AS8: =resultOnlatexABC16Dec24!AD13 -> 35232.45 | AT8: =IF(AS8=MIN(I8,U8,AG8,AS8),"}","") | AU8: & | AV8: =resultOnlatexABC16Dec24!AF13 -> 1404.78 | AW8: & | AX8: =resultOnlatexABC16Dec24!AH13 -> 35231.8 | AY8: \\
B9: 28x3A | C9: & | D9: =IF(E9=MIN(E9,Q9,AC9,AO9),"\textbf{","") -> \textbf{ | E9: =resultOnlatexABC16Dec24!D14 -> 65003.48 | F9: =IF(E9=MIN(E9,Q9,AC9,AO9),"}","") -> } | G9: & | H9: =IF(I9=MIN(I9,U9,AG9,AS9),"\textbf{","") -> \textbf{ | I9: =resultOnlatexABC16Dec24!F14 -> 65003.48 | J9: =IF(I9=MIN(I9,U9,AG9,AS9),"}","") -> } | K9: & | L9: =resultOnlatexABC16Dec24!H14 -> 304.02 | M9: & | N9: =resultOnlatexABC16Dec24!J14 -> 65050.5 | O9: & | P9: =IF(Q9=MIN(E9,Q9,AC9,AO9),"\textbf{","") | Q9: =resultOnlatexABC16Dec24!L14 -> 65435.9 | R9: =IF(Q9=MIN(E9,Q9,AC9,AO9),"}","") | S9: & | T9: =IF(U9=MIN(I9,U9,AG9,AS9),"\textbf{","") | U9: =resultOnlatexABC16Dec24!N14 -> 65436.55 | V9: =IF(U9=MIN(I9,U9,AG9,AS9),"}","") | W9: & | X9: =resultOnlatexABC16Dec24!P14 -> 210.99 | Y9: & | Z9: =resultOnlatexABC16Dec24!R14 -> 65433.4 | AA9: & | AB9: =IF(AC9=MIN(E9,Q9,AC9,AO9),"\textbf{","") | AC9: =resultOnlatexABC16Dec24!T14 -> 65004 | AD9: =IF(AC9=MIN(E9,Q9,AC9,AO9),"}","") | AE9: & | AF9: =IF(AG9=MIN(I9,U9,AG9,AS9),"\textbf{","") | AG9: =resultOnlatexABC16Dec24!V14 -> 65013.7 | AH9: =IF(AG9=MIN(I9,U9,AG9,AS9),"}","") | AI9: & | AJ9: =resultOnlatexABC16Dec24!X14 -> 736.82 | AK9: & | AL9: =resultOnlatexABC16Dec24!Z14 -> 65011.4 | AM9: & | AN9: =IF(AO9=MIN(E9,Q9,AC9,AO9),"\textbf{","") | AO9: =resultOnlatexABC16Dec24!AB14 -> 65004 | AP9: =IF(AO9=MIN(E9,Q9,AC9,AO9),"}","") | AQ9: & | AR9: =IF(AS9=MIN(I9,U9,AG9,AS9),"\textbf{","") | AS9: =resultOnlatexABC16Dec24!AD14 -> 65009.05 | AT9: =IF(AS9=MIN(I9,U9,AG9,AS9),"}","") | AU9: & | AV9: =resultOnlatexABC16Dec24!AF14 -> 803.23 | AW9: & | AX9: =resultOnlatexABC16Dec24!AH14 -> 65011.4 | AY9: \\
B10: 28x5A | C10: & | D10: =IF(E10=MIN(E10,Q10,AC10,AO10),"\textbf{","") -> \textbf{ | E10: =resultOnlatexABC16Dec24!D15 -> 63293.84 | F10: =IF(E10=MIN(E10,Q10,AC10,AO10),"}","") -> } | G10: & | H10: =IF(I10=MIN(I10,U10,AG10,AS10),"\textbf{","") -> \textbf{ | I10: =resultOnlatexABC16Dec24!F15 -> 63297.9 | J10: =IF(I10=MIN(I10,U10,AG10,AS10),"}","") -> } | K10: & | L10: =resultOnlatexABC16Dec24!H15 -> 829.87 | M10: & | N10: =resultOnlatexABC16Dec24!J15 -> 63297 | O10: & | P10: =IF(Q10=MIN(E10,Q10,AC10,AO10),"\textbf{","") | Q10: =resultOnlatexABC16Dec24!L15 -> 64528.8 | R10: =IF(Q10=MIN(E10,Q10,AC10,AO10),"}","") | S10: & | T10: =IF(U10=MIN(I10,U10,AG10,AS10),"\textbf{","") | U10: =resultOnlatexABC16Dec24!N15 -> 64716.69 | V10: =IF(U10=MIN(I10,U10,AG10,AS10),"}","") | W10: & | X10: =resultOnlatexABC16Dec24!P15 -> 1174.71 | Y10: & | Z10: =resultOnlatexABC16Dec24!R15 -> 64533.1 | AA10: & | AB10: =IF(AC10=MIN(E10,Q10,AC10,AO10),"\textbf{","") | AC10: =resultOnlatexABC16Dec24!T15 -> 63297.1 | AD10: =IF(AC10=MIN(E10,Q10,AC10,AO10),"}","") | AE10: & | AF10: =IF(AG10=MIN(I10,U10,AG10,AS10),"\textbf{","") | AG10: =resultOnlatexABC16Dec24!V15 -> 63311.6 | AH10: =IF(AG10=MIN(I10,U10,AG10,AS10),"}","") | AI10: & | AJ10: =resultOnlatexABC16Dec24!X15 -> 1350.66 | AK10: & | AL10: =resultOnlatexABC16Dec24!Z15 -> 63301.5 | AM10: & | AN10: =IF(AO10=MIN(E10,Q10,AC10,AO10),"\textbf{","") | AO10: =resultOnlatexABC16Dec24!AB15 -> 63299.6 | AP10: =IF(AO10=MIN(E10,Q10,AC10,AO10),"}","") | AQ10: & | AR10: =IF(AS10=MIN(I10,U10,AG10,AS10),"\textbf{","") | AS10: =resultOnlatexABC16Dec24!AD15 -> 63332.74 | AT10: =IF(AS10=MIN(I10,U10,AG10,AS10),"}","") | AU10: & | AV10: =resultOnlatexABC16Dec24!AF15 -> 1234.24 | AW10: & | AX10: =resultOnlatexABC16Dec24!AH15 -> 63303.6 | AY10: \\
B11: 30x6A | C11: & | D11: =IF(E11=MIN(E11,Q11,AC11,AO11),"\textbf{","") -> \textbf{ | E11: =resultOnlatexABC16Dec24!D16 -> 53201.45 | F11: =IF(E11=MIN(E11,Q11,AC11,AO11),"}","") -> } | G11: & | H11: =IF(I11=MIN(I11,U11,AG11,AS11),"\textbf{","") -> \textbf{ | I11: =resultOnlatexABC16Dec24!F16 -> 53207.38 | J11: =IF(I11=MIN(I11,U11,AG11,AS11),"}","") -> } | K11: & | L11: =resultOnlatexABC16Dec24!H16 -> 1145.47 | M11: & | N11: =resultOnlatexABC16Dec24!J16 -> 53200.2 | O11: & | P11: =IF(Q11=MIN(E11,Q11,AC11,AO11),"\textbf{","") | Q11: =resultOnlatexABC16Dec24!L16 -> 54360.9 | R11: =IF(Q11=MIN(E11,Q11,AC11,AO11),"}","") | S11: & | T11: =IF(U11=MIN(I11,U11,AG11,AS11),"\textbf{","") | U11: =resultOnlatexABC16Dec24!N16 -> 54472.18 | V11: =IF(U11=MIN(I11,U11,AG11,AS11),"}","") | W11: & | X11: =resultOnlatexABC16Dec24!P16 -> 1048.7 | Y11: & | Z11: =resultOnlatexABC16Dec24!R16 -> 54366.7 | AA11: & | AB11: =IF(AC11=MIN(E11,Q11,AC11,AO11),"\textbf{","") | AC11: =resultOnlatexABC16Dec24!T16 -> 53217.4 | AD11: =IF(AC11=MIN(E11,Q11,AC11,AO11),"}","") | AE11: & | AF11: =IF(AG11=MIN(I11,U11,AG11,AS11),"\textbf{","") | AG11: =resultOnlatexABC16Dec24!V16 -> 53231.42 | AH11: =IF(AG11=MIN(I11,U11,AG11,AS11),"}","") | AI11: & | AJ11: =resultOnlatexABC16Dec24!X16 -> 1539.94 | AK11: & | AL11: =resultOnlatexABC16Dec24!Z16 -> 53226.5 | AM11: & | AN11: =IF(AO11=MIN(E11,Q11,AC11,AO11),"\textbf{","") | AO11: =resultOnlatexABC16Dec24!AB16 -> 53231.3 | AP11: =IF(AO11=MIN(E11,Q11,AC11,AO11),"}","") | AQ11: & | AR11: =IF(AS11=MIN(I11,U11,AG11,AS11),"\textbf{","") | AS11: =resultOnlatexABC16Dec24!AD16 -> 53250.43 | AT11: =IF(AS11=MIN(I11,U11,AG11,AS11),"}","") | AU11: & | AV11: =resultOnlatexABC16Dec24!AF16 -> 1518.5 | AW11: & | AX11: =resultOnlatexABC16Dec24!AH16 -> 53237.4 | AY11: \\
B12: 30x8A | C12: & | D12: =IF(E12=MIN(E12,Q12,AC12,AO12),"\textbf{","") -> \textbf{ | E12: =resultOnlatexABC16Dec24!D17 -> 61352.43 | F12: =IF(E12=MIN(E12,Q12,AC12,AO12),"}","") -> } | G12: & | H12: =IF(I12=MIN(I12,U12,AG12,AS12),"\textbf{","") -> \textbf{ | I12: =resultOnlatexABC16Dec24!F17 -> 61359.5 | J12: =IF(I12=MIN(I12,U12,AG12,AS12),"}","") -> } | K12: & | L12: =resultOnlatexABC16Dec24!H17 -> 1062.79 | M12: & | N12: =resultOnlatexABC16Dec24!J17 -> 61362.3 | O12: & | P12: =IF(Q12=MIN(E12,Q12,AC12,AO12),"\textbf{","") | Q12: =resultOnlatexABC16Dec24!L17 -> 62634.9 | R12: =IF(Q12=MIN(E12,Q12,AC12,AO12),"}","") | S12: & | T12: =IF(U12=MIN(I12,U12,AG12,AS12),"\textbf{","") | U12: =resultOnlatexABC16Dec24!N17 -> 62919.44 | V12: =IF(U12=MIN(I12,U12,AG12,AS12),"}","") | W12: & | X12: =resultOnlatexABC16Dec24!P17 -> 1021.26 | Y12: & | Z12: =resultOnlatexABC16Dec24!R17 -> 62670.2 | AA12: & | AB12: =IF(AC12=MIN(E12,Q12,AC12,AO12),"\textbf{","") | AC12: =resultOnlatexABC16Dec24!T17 -> 61382.6 | AD12: =IF(AC12=MIN(E12,Q12,AC12,AO12),"}","") | AE12: & | AF12: =IF(AG12=MIN(I12,U12,AG12,AS12),"\textbf{","") | AG12: =resultOnlatexABC16Dec24!V17 -> 61638.83 | AH12: =IF(AG12=MIN(I12,U12,AG12,AS12),"}","") | AI12: & | AJ12: =resultOnlatexABC16Dec24!X17 -> 1489.04 | AK12: & | AL12: =resultOnlatexABC16Dec24!Z17 -> 61390.9 | AM12: & | AN12: =IF(AO12=MIN(E12,Q12,AC12,AO12),"\textbf{","") | AO12: =resultOnlatexABC16Dec24!AB17 -> 61410.1 | AP12: =IF(AO12=MIN(E12,Q12,AC12,AO12),"}","") | AQ12: & | AR12: =IF(AS12=MIN(I12,U12,AG12,AS12),"\textbf{","") | AS12: =resultOnlatexABC16Dec24!AD17 -> 61664.57 | AT12: =IF(AS12=MIN(I12,U12,AG12,AS12),"}","") | AU12: & | AV12: =resultOnlatexABC16Dec24!AF17 -> 1575.11 | AW12: & | AX12: =resultOnlatexABC16Dec24!AH17 -> 61428.1 | AY12: \\
... B74: 100x15C | C74: & | D74: =IF(E74=MIN(E74,Q74,AC74,AO74),"\textbf{","") -> \textbf{ | E74: =resultOnlatexABC16Dec24!D79 -> 2239781.4 | F74: =IF(E74=MIN(E74,Q74,AC74,AO74),"}","") -> } | G74: & | H74: =IF(I74=MIN(I74,U74,AG74,AS74),"\textbf{","") -> \textbf{ | I74: =resultOnlatexABC16Dec24!F79 -> 2244887 | J74: =IF(I74=MIN(I74,U74,AG74,AS74),"}","") -> } | K74: & | L74: =resultOnlatexABC16Dec24!H79 -> 868.4 | M74: & | N74: =resultOnlatexABC16Dec24!J79 -> 2239764.5 | O74: & | P74: =IF(Q74=MIN(E74,Q74,AC74,AO74),"\textbf{","") | Q74: =resultOnlatexABC16Dec24!L79 -> 2249184.4 | R74: =IF(Q74=MIN(E74,Q74,AC74,AO74),"}","") | S74: & | T74: =IF(U74=MIN(I74,U74,AG74,AS74),"\textbf{","") | U74: =resultOnlatexABC16Dec24!N79 -> 2252212.5 | V74: =IF(U74=MIN(I74,U74,AG74,AS74),"}","") | W74: & | X74: =resultOnlatexABC16Dec24!P79 -> 1305.16 | Y74: & | Z74: =resultOnlatexABC16Dec24!R79 -> 2248922.3 | AA74: & | AB74: =IF(AC74=MIN(E74,Q74,AC74,AO74),"\textbf{","") | AC74: =resultOnlatexABC16Dec24!T79 -> 2407298.8 | AD74: =IF(AC74=MIN(E74,Q74,AC74,AO74),"}","") | AE74: & | AF74: =IF(AG74=MIN(I74,U74,AG74,AS74),"\textbf{","") | AG74: =resultOnlatexABC16Dec24!V79 -> 2442178.6 | AH74: =IF(AG74=MIN(I74,U74,AG74,AS74),"}","") | AI74: & | AJ74: =resultOnlatexABC16Dec24!X79 -> 6456.42 | AK74: & | AL74: =resultOnlatexABC16Dec24!Z79 -> 2406960.4 | AM74: & | AN74: =IF(AO74=MIN(E74,Q74,AC74,AO74),"\textbf{","") | AO74: =resultOnlatexABC16Dec24!AB79 -> 2407298.8 | AP74: =IF(AO74=MIN(E74,Q74,AC74,AO74),"}","") | AQ74: & | AR74: =IF(AS74=MIN(I74,U74,AG74,AS74),"\textbf{","") | AS74: =resultOnlatexABC16Dec24!AD79 -> 2442178.6 | AT74: =IF(AS74=MIN(I74,U74,AG74,AS74),"}","") | AU74: & | AV74: =resultOnlatexABC16Dec24!AF79 -> 9953.3 | AW74: & | AX74: =resultOnlatexABC16Dec24!AH79 -> 2406960.4 | AY74: \\
B75: \#Wins | C75: & | E75: 23 | G75: & | I75: 23 | J75: =IF(I75=MIN(I75,U75,AG75,AS75),"}","") | K75: & | M75: & | O75: & | Q75: 0 | S75: & | U75: 0 | W75: & | Y75: & | AA75: & | AC75: 0 | AE75: & | AG75: 0 | AI75: & | AK75: & | AM75: & | AO75: 0 | AQ75: & | AS75: 0 | AY75: \\
B76: \#Ties | C76: & | E76: 1 | G76: & | I76: 1 | J76: =IF(I76=MIN(I76,U76,AG76,AS76),"}","") | K76: & | M76: & | O76: & | Q76: 0 | S76: & | U76: 0 | W76: & | Y76: & | AA76: & | AC76: 1 | AE76: & | AF76: =IF(AG76=MIN(I76,U76,AG76,AS76),"\textbf{","") | AG76: 1 | AH76: =IF(AG76=MIN(I76,U76,AG76,AS76),"}","") | AI76: & | AK76: & | AM76: & | AO76: 1 | AQ76: & | AS76: 1 | AY76: \\
B77: \#Losses | C77: & | E77: 0 | G77: & | I77: 0 | K77: & | M77: & | O77: & | Q77: 24 | S77: & | U77: 24 | W77: & | Y77: & | AA77: & | AC77: 23 | AE77: & | AF77: =IF(AG77=MIN(I77,U77,AG77,AS77),"\textbf{","") | AG77: 23 | AH77: =IF(AG77=MIN(I77,U77,AG77,AS77),"}","") | AI77: & | AK77: & | AM77: & | AO77: 23 | AQ77: & | AS77: 23 | AY77: \\
B79: \#Wins | C79: & | E79: 24 | F79: =IF(E79=MIN(E79,Q79,AC79,AO79),"}","") | G79: & | H79: =IF(I79=MIN(I79,U79,AG79,AS79),"\textbf{","") | I79: 24 | J79: =IF(I79=MIN(I79,U79,AG79,AS79),"}","") | K79: & | M79: & | O79: & | Q79: 0 | S79: & | U79: 0 | W79: & | Y79: & | AA79: & | AC79: 0 | AE79: & | AG79: 0 | AI79: & | AK79: & | AM79: & | AO79: 0 | AQ79: & | AS79: 0 | AY79: \\
B80: \#Ties | C80: & | E80: 0 | G80: & | I80: 0 | K80: & | M80: & | O80: & | Q80: 0 | S80: & | U80: 0 | W80: & | Y80: & | AA80: & | AC80: 0 | AE80: & | AG80: 0 | AI80: & | AK80: & | AM80: & | AO80: 0 | AQ80: & | AS80: 0 | AY80: \\
B81: \#Losses | C81: & | E81: 0 | G81: & | I81: 0 | K81: & | M81: & | O81: & | Q81: 24 | S81: & | U81: 24 | W81: & | Y81: & | AA81: & | AC81: 24 | AE81: & | AF81: =IF(AG81=MIN(I81,U81,AG81,AS81),"\textbf{","") | AG81: 24 | AH81: =IF(AG81=MIN(I81,U81,AG81,AS81),"}","") | AI81: & | AK81: & | AM81: & | AO81: 24 | AQ81: & | AS81: 24 | AY81: \\
B83: \#Wins | C83: & | E83: 19 | G83: & | I83: 22 | K83: & | M83: & | O83: & | Q83: 1 | S83: & | U83: 1 | W83: & | Y83: & | AA83: & | AC83: 2 | AE83: & | AG83: 0 | AI83: & | AK83: & | AM83: & | AO83: 3 | AQ83: & | AS83: 1 | AY83: \\
B84: \#Ties | C84: & | E84: 0 | G84: & | I84: 0 | K84: & | M84: & | O84: & | Q84: 0 | S84: & | U84: 0 | W84: & | Y84: & | AA84: & | AC84: 0 | AE84: & | AG84: 0 | AI84: & | AK84: & | AM84: & | AO84: 0 | AQ84: & | AS84: 0 | AY84: \\
B85: \#Losses | C85: & | E85: 5 | G85: & | I85: 2 | K85: & | M85: & | O85: & | Q85: 23 | S85: & | U85: 23 | W85: & | Y85: & | AA85: & | AC85: 22 | AE85: & | AG85: 24 | AI85: & | AK85: & | AM85: & | AO85: 21 | AQ85: & | AS85: 23 | AY85: \\
AY87: \\
AY88: \\
AY89: \\
F96: & | H96: & | I96: \multicolumn{2}{SimHGS} | M96: \multicolumn{2}{Tsim} | Q96: \multicolumn{2}{SBDFB100} | U96: \multicolumn{2}{SBDB100}
F97: & | H97: & | I97: BestObj | J97: & | K97: AvgObj | L97: & | M97: BestObj | N97: & | O97: AvgObj | P97: & | Q97: BestObj | R97: & | S97: AvgObj | T97: & | U97: BestObj | V97: & | W97: AvgObj | X97: \\
E98: \multirow{3}{*}{SetA} | F98: & | G98: \#Wins | H98: & | I98: =E79 -> 24 | J98: & | K98: =I79 -> 24 | L98: & | M98: =Q79 -> 0 | N98: & | O98: =U79 -> 0 | P98: & | Q98: =AC79 -> 0 | R98: & | S98: =AG79 -> 0 | T98: & | U98: =AO79 -> 0 | V98: & | W98: =AS79 -> 0 | X98: \\
F99: & | G99: \#Ties | H99: & | I99: =E80 -> 0 | J99: & | K99: =I80 -> 0 | L99: & | M99: =Q80 -> 0 | N99: & | O99: =U80 -> 0 | P99: & | Q99: =AC80 -> 0 | R99: & | S99: =AG80 -> 0 | T99: & | U99: =AO80 -> 0 | V99: & | W99: =AS80 -> 0 | X99: \\
F100: & | G100: \#Losses | H100: & | I100: =E81 -> 0 | J100: & | K100: =I81 -> 0 | L100: & | M100: =Q81 -> 24 | N100: & | O100: =U81 -> 24 | P100: & | Q100: =AC81 -> 24 | R100: & | S100: =AG81 -> 24 | T100: & | U100: =AO81 -> 24 | V100: & | W100: =AS81 -> 24 | X100: \\
F101: & | G101: Gap% | H101: & | I101: 0 | J101: & | K101: 0.11405917 | L101: & | M101: 1.5893398 | N101: & | O101: 1.7279021 | P101: & | Q101: 0.23324105 | R101: & | S101: 0.34588502 | T101: & | U101: 0.32444937 | V101: & | W101: 0.44714023 | X101: \\
E102: \hline
E103: \multirow{3}{*}{SetB} | F103: & | G103: \#Wins | H103: & | I103: =E83 -> 19 | J103: & | K103: =I83 -> 22 | L103: & | M103: =Q83 -> 1 | N103: & | O103: =U83 -> 1 | P103: & | Q103: =AC83 -> 2 | R103: & | S103: =AG83 -> 0 | T103: & | U103: =AO83 -> 3 | V103: & | W103: =AS83 -> 1 | X103: \\
F104: & | G104: \#Ties | H104: & | I104: =E84 -> 0 | J104: & | K104: =I84 -> 0 | L104: & | M104: =Q84 -> 0 | N104: & | O104: =U84 -> 0 | P104: & | Q104: =AC84 -> 0 | R104: & | S104: =AG84 -> 0 | T104: & | U104: =AO84 -> 0 | V104: & | W104: =AS84 -> 0 | X104: \\
F105: & | G105: \#Losses | H105: & | I105: =E85 -> 5 | J105: & | K105: =I85 -> 2 | L105: & | M105: =Q85 -> 23 | N105: & | O105: =U85 -> 23 | P105: & | Q105: =AC85 -> 22 | R105: & | S105: =AG85 -> 24 | T105: & | U105: =AO85 -> 21 | V105: & | W105: =AS85 -> 23 | X105: \\
F106: & | G106: Gap% | H106: & | I106: 0 | J106: & | K106: 0.064909997 | L106: & | M106: 1.141164 | N106: & | O106: 1.2290952 | P106: & | Q106: 0.36839446 | R106: & | S106: 0.5348741 | T106: & | U106: 0.46646102 | V106: & | W106: 0.631038 | X106: \\
E107: \hline
E108: \multirow{3}{*}{SetC} | F108: & | G108: \#Wins | H108: & | I108: =E87 -> 0 | J108: & | K108: =I87 -> 0 | L108: & | M108: =Q87 -> 0 | N108: & | O108: =U87 -> 0 | P108: & | Q108: =AC87 -> 0 | R108: & | S108: =AG87 -> 0 | T108: & | U108: =AO87 -> 0 | V108: & | W108: =AS87 -> 0 | X108: \\
F109: & | G109: \#Ties | H109: & | I109: =E88 -> 0 | J109: & | K109: =I88 -> 0 | L109: & | M109: =Q88 -> 0 | N109: & | O109: =U88 -> 0 | P109: & | Q109: =AC88 -> 0 | R109: & | S109: =AG88 -> 0 | T109: & | U109: =AO88 -> 0 | V109: & | W109: =AS88 -> 0 | X109: \\
F110: & | G110: \#Losses | H110: & | I110: =E89 -> 0 | J110: & | K110: =I89 -> 0 | L110: & | M110: =Q89 -> 0 | N110: & | O110: =U89 -> 0 | P110: & | Q110: =AC89 -> 0 | R110: & | S110: =AG89 -> 0 | T110: & | U110: =AO89 -> 0 | V110: & | W110: =AS89 -> 0 | X110: \\
F111: & | G111: Gap% | H111: & | I111: 0.50072323 | J111: & | K111: 3.2191199 | L111: & | M111: 98.206842 | N111: & | O111: 107.84261 | P111: & | Q111: 1.7001192 | R111: & | S111: 7.5967767 | T111: & | U111: 2.066387 | V111: & | W111: 8.9073753 | X111: \\

Sheet WorstCasePerformance
O1: SetA | V1: SetB | AC1: SetC
A2: E | B2: 1 | C2: 0.99 | D2: 0.95 | E2: 0.9 | F2: 0.8 | H2: 1 | I2: 0.99 | J2: 0.95 | K2: 0.9 | L2: 0.8 | O2: 100 | P2: 99 | Q2: 95 | R2: 90 | S2: 80 | V2: 100 | W2: 99 | X2: 95 | Y2: 90 | Z2: 80 | AC2: 100 | AD2: 99 | AE2: 95 | AF2: 90 | AG2: 80
A3: 5443.3 | B3: 6636 | C3: 5536 | D3: 5536 | E3: 5536 | F3: 5536 | G3: 1 | H3: =(B3-$A3)/$A3*100 -> 21.911341 | I3: =(C3-$A3)/$A3*100 -> 1.703011 | J3: =(D3-$A3)/$A3*100 -> 1.703011 | K3: =(E3-$A3)/$A3*100 -> 1.703011 | L3: =(F3-$A3)/$A3*100 -> 1.703011 | N3: 10 | O3: =COUNTIF($H$3:$H$26,"<"&N3) -> 22 | P3: =COUNTIF($I$3:$I$26,"<"&N3) -> 23 | Q3: =COUNTIF($J$3:$J$26,"<"&N3) -> 23 | R3: =COUNTIF($K$3:$K$26,"<"&N3) -> 24 | S3: =COUNTIF($L$3:$L$26,"<"&N3) -> 24 | U3: 10 | V3: =COUNTIF($H$27:$H$50,"<"&U3) -> 22 | W3: =COUNTIF($I$27:$I$50,"<"&U3) -> 24 | X3: =COUNTIF($J$27:$J$50,"<"&U3) -> 24 | Y3: =COUNTIF($K$27:$K$50,"<"&U3) -> 24 | Z3: =COUNTIF($L$27:$L$50,"<"&U3) -> 24 | AB3: 10 | AC3: =COUNTIF($H$51:$H$74,"<"&AB3) -> 8 | AD3: =COUNTIF($I$51:$I$74,"<"&AB3) -> 12 | AE3: =COUNTIF($J$51:$J$74,"<"&AB3) -> 15 | AF3: =COUNTIF($K$51:$K$74,"<"&AB3) -> 18 | AG3: =COUNTIF($L$51:$L$74,"<"&AB3) -> 22
A4: 7528.4 | B4: 10082 | C4: 8954 | D4: 8716 | E4: 7574 | F4: 7574 | G4: 2 | H4: =(B4-$A4)/$A4*100 -> 33.919558 | I4: =(C4-$A4)/$A4*100 -> 18.936295 | J4: =(D4-$A4)/$A4*100 -> 15.774932 | K4: =(E4-$A4)/$A4*100 -> 0.60570639 | L4: =(F4-$A4)/$A4*100 -> 0.60570639 | N4: 9 | O4: =COUNTIF($H$3:$H$26,"<"&N4) -> 22 | P4: =COUNTIF($I$3:$I$26,"<"&N4) -> 23 | Q4: =COUNTIF($J$3:$J$26,"<"&N4) -> 23 | R4: =COUNTIF($K$3:$K$26,"<"&N4) -> 24 | S4: =COUNTIF($L$3:$L$26,"<"&N4) -> 24 | U4: 9 | V4: =COUNTIF($H$27:$H$50,"<"&U4) -> 22 | W4: =COUNTIF($I$27:$I$50,"<"&U4) -> 23 | X4: =COUNTIF($J$27:$J$50,"<"&U4) -> 24 | Y4: =COUNTIF($K$27:$K$50,"<"&U4) -> 24 | Z4: =COUNTIF($L$27:$L$50,"<"&U4) -> 24 | AB4: 9 | AC4: =COUNTIF($H$51:$H$74,"<"&AB4) -> 7 | AD4: =COUNTIF($I$51:$I$74,"<"&AB4) -> 12 | AE4: =COUNTIF($J$51:$J$74,"<"&AB4) -> 14 | AF4: =COUNTIF($K$51:$K$74,"<"&AB4) -> 17 | AG4: =COUNTIF($L$51:$L$74,"<"&AB4) -> 22
A5: 10019 | B5: 10019 | C5: 10019 | D5: 10019 | E5: 10019 | F5: 10019 | G5: 3 | H5: =(B5-$A5)/$A5*100 -> 0 | I5: =(C5-$A5)/$A5*100 -> 0 | J5: =(D5-$A5)/$A5*100 -> 0 | K5: =(E5-$A5)/$A5*100 -> 0 | L5: =(F5-$A5)/$A5*100 -> 0 | N5: 8 | O5: =COUNTIF($H$3:$H$26,"<"&N5) -> 21 | P5: =COUNTIF($I$3:$I$26,"<"&N5) -> 23 | Q5: =COUNTIF($J$3:$J$26,"<"&N5) -> 23 | R5: =COUNTIF($K$3:$K$26,"<"&N5) -> 24 | S5: =COUNTIF($L$3:$L$26,"<"&N5) -> 24 | U5: 8 | V5: =COUNTIF($H$27:$H$50,"<"&U5) -> 21 | W5: =COUNTIF($I$27:$I$50,"<"&U5) -> 23 | X5: =COUNTIF($J$27:$J$50,"<"&U5) -> 24 | Y5: =COUNTIF($K$27:$K$50,"<"&U5) -> 24 | Z5: =COUNTIF($L$27:$L$50,"<"&U5) -> 24 | AB5: 8 | AC5: =COUNTIF($H$51:$H$74,"<"&AB5) -> 7 | AD5: =COUNTIF($I$51:$I$74,"<"&AB5) -> 12 | AE5: =COUNTIF($J$51:$J$74,"<"&AB5) -> 14 | AF5: =COUNTIF($K$51:$K$74,"<"&AB5) -> 15 | AG5: =COUNTIF($L$51:$L$74,"<"&AB5) -> 21
A6: 13227.1 | B6: 13689 | C6: 13225 | D6: 13225 | E6: 13225 | F6: 13225 | G6: 4 | H6: =(B6-$A6)/$A6*100 -> 3.4920731 | I6: =(C6-$A6)/$A6*100 -> -0.015876496 | J6: =(D6-$A6)/$A6*100 -> -0.015876496 | K6: =(E6-$A6)/$A6*100 -> -0.015876496 | L6: =(F6-$A6)/$A6*100 -> -0.015876496 | N6: 7 | O6: =COUNTIF($H$3:$H$26,"<"&N6) -> 21 | P6: =COUNTIF($I$3:$I$26,"<"&N6) -> 23 | Q6: =COUNTIF($J$3:$J$26,"<"&N6) -> 23 | R6: =COUNTIF($K$3:$K$26,"<"&N6) -> 24 | S6: =COUNTIF($L$3:$L$26,"<"&N6) -> 24 | U6: 7 | V6: =COUNTIF($H$27:$H$50,"<"&U6) -> 20 | W6: =COUNTIF($I$27:$I$50,"<"&U6) -> 23 | X6: =COUNTIF($J$27:$J$50,"<"&U6) -> 24 | Y6: =COUNTIF($K$27:$K$50,"<"&U6) -> 24 | Z6: =COUNTIF($L$27:$L$50,"<"&U6) -> 24 | AB6: 7 | AC6: =COUNTIF($H$51:$H$74,"<"&AB6) -> 6 | AD6: =COUNTIF($I$51:$I$74,"<"&AB6) -> 10 | AE6: =COUNTIF($J$51:$J$74,"<"&AB6) -> 12 | AF6: =COUNTIF($K$51:$K$74,"<"&AB6) -> 15 | AG6: =COUNTIF($L$51:$L$74,"<"&AB6) -> 21
A7: 17695 | B7: 17695 | C7: 17695 | D7: 17695 | E7: 17695 | F7: 17695 | G7: 5 | H7: =(B7-$A7)/$A7*100 -> 0 | I7: =(C7-$A7)/$A7*100 -> 0 | J7: =(D7-$A7)/$A7*100 -> 0 | K7: =(E7-$A7)/$A7*100 -> 0 | L7: =(F7-$A7)/$A7*100 -> 0 | N7: 6 | O7: =COUNTIF($H$3:$H$26,"<"&N7) -> 21 | P7: =COUNTIF($I$3:$I$26,"<"&N7) -> 23 | Q7: =COUNTIF($J$3:$J$26,"<"&N7) -> 23 | R7: =COUNTIF($K$3:$K$26,"<"&N7) -> 24 | S7: =COUNTIF($L$3:$L$26,"<"&N7) -> 24 | U7: 6 | V7: =COUNTIF($H$27:$H$50,"<"&U7) -> 20 | W7: =COUNTIF($I$27:$I$50,"<"&U7) -> 21 | X7: =COUNTIF($J$27:$J$50,"<"&U7) -> 22 | Y7: =COUNTIF($K$27:$K$50,"<"&U7) -> 24 | Z7: =COUNTIF($L$27:$L$50,"<"&U7) -> 24 | AB7: 6 | AC7: =COUNTIF($H$51:$H$74,"<"&AB7) -> 5 | AD7: =COUNTIF($I$51:$I$74,"<"&AB7) -> 10 | AE7: =COUNTIF($J$51:$J$74,"<"&AB7) -> 12 | AF7: =COUNTIF($K$51:$K$74,"<"&AB7) -> 13 | AG7: =COUNTIF($L$51:$L$74,"<"&AB7) -> 19
A8: 17794.8 | B8: 19356 | C8: 18657 | D8: 18657 | E8: 18657 | F8: 18036 | G8: 6 | H8: =(B8-$A8)/$A8*100 -> 8.7733495 | I8: =(C8-$A8)/$A8*100 -> 4.8452357 | J8: =(D8-$A8)/$A8*100 -> 4.8452357 | K8: =(E8-$A8)/$A8*100 -> 4.8452357 | L8: =(F8-$A8)/$A8*100 -> 1.3554522 | N8: 5 | O8: =COUNTIF($H$3:$H$26,"<"&N8) -> 19 | P8: =COUNTIF($I$3:$I$26,"<"&N8) -> 23 | Q8: =COUNTIF($J$3:$J$26,"<"&N8) -> 23 | R8: =COUNTIF($K$3:$K$26,"<"&N8) -> 24 | S8: =COUNTIF($L$3:$L$26,"<"&N8) -> 24 | U8: 5 | V8: =COUNTIF($H$27:$H$50,"<"&U8) -> 18 | W8: =COUNTIF($I$27:$I$50,"<"&U8) -> 21 | X8: =COUNTIF($J$27:$J$50,"<"&U8) -> 21 | Y8: =COUNTIF($K$27:$K$50,"<"&U8) -> 22 | Z8: =COUNTIF($L$27:$L$50,"<"&U8) -> 23 | AB8: 5 | AC8: =COUNTIF($H$51:$H$74,"<"&AB8) -> 4 | AD8: =COUNTIF($I$51:$I$74,"<"&AB8) -> 10 | AE8: =COUNTIF($J$51:$J$74,"<"&AB8) -> 10 | AF8: =COUNTIF($K$51:$K$74,"<"&AB8) -> 12 | AG8: =COUNTIF($L$51:$L$74,"<"&AB8) -> 16
A9: 70465.9 | B9: 70783 | C9: 70783 | D9: 70783 | E9: 70783 | F9: 70399 | G9: 7 | H9: =(B9-$A9)/$A9*100 -> 0.4500049 | I9: =(C9-$A9)/$A9*100 -> 0.4500049 | J9: =(D9-$A9)/$A9*100 -> 0.4500049 | K9: =(E9-$A9)/$A9*100 -> 0.4500049 | L9: =(F9-$A9)/$A9*100 -> -0.094939538 | N9: 4 | O9: =COUNTIF($H$3:$H$26,"<"&N9) -> 15 | P9: =COUNTIF($I$3:$I$26,"<"&N9) -> 22 | Q9: =COUNTIF($J$3:$J$26,"<"&N9) -> 22 | R9: =COUNTIF($K$3:$K$26,"<"&N9) -> 23 | S9: =COUNTIF($L$3:$L$26,"<"&N9) -> 24 | U9: 4 | V9: =COUNTIF($H$27:$H$50,"<"&U9) -> 16 | W9: =COUNTIF($I$27:$I$50,"<"&U9) -> 20 | X9: =COUNTIF($J$27:$J$50,"<"&U9) -> 21 | Y9: =COUNTIF($K$27:$K$50,"<"&U9) -> 22 | Z9: =COUNTIF($L$27:$L$50,"<"&U9) -> 23 | AB9: 4 | AC9: =COUNTIF($H$51:$H$74,"<"&AB9) -> 4 | AD9: =COUNTIF($I$51:$I$74,"<"&AB9) -> 8 | AE9: =COUNTIF($J$51:$J$74,"<"&AB9) -> 10 | AF9: =COUNTIF($K$51:$K$74,"<"&AB9) -> 11 | AG9: =COUNTIF($L$51:$L$74,"<"&AB9) -> 15
A10: 35227.2 | B10: 37136 | C10: 36361 | D10: 36361 | E10: 36361 | F10: 35545 | G10: 8 | H10: =(B10-$A10)/$A10*100 -> 5.4185402 | I10: =(C10-$A10)/$A10*100 -> 3.2185357 | J10: =(D10-$A10)/$A10*100 -> 3.2185357 | K10: =(E10-$A10)/$A10*100 -> 3.2185357 | L10: =(F10-$A10)/$A10*100 -> 0.9021438 | N10: 3 | O10: =COUNTIF($H$3:$H$26,"<"&N10) -> 10 | P10: =COUNTIF($I$3:$I$26,"<"&N10) -> 20 | Q10: =COUNTIF($J$3:$J$26,"<"&N10) -> 21 | R10: =COUNTIF($K$3:$K$26,"<"&N10) -> 22 | S10: =COUNTIF($L$3:$L$26,"<"&N10) -> 24 | U10: 3 | V10: =COUNTIF($H$27:$H$50,"<"&U10) -> 14 | W10: =COUNTIF($I$27:$I$50,"<"&U10) -> 18 | X10: =COUNTIF($J$27:$J$50,"<"&U10) -> 20 | Y10: =COUNTIF($K$27:$K$50,"<"&U10) -> 21 | Z10: =COUNTIF($L$27:$L$50,"<"&U10) -> 22 | AB10: 3 | AC10: =COUNTIF($H$51:$H$74,"<"&AB10) -> 1 | AD10: =COUNTIF($I$51:$I$74,"<"&AB10) -> 6 | AE10: =COUNTIF($J$51:$J$74,"<"&AB10) -> 8 | AF10: =COUNTIF($K$51:$K$74,"<"&AB10) -> 10 | AG10: =COUNTIF($L$51:$L$74,"<"&AB10) -> 13
A11: 65050.5 | B11: 67102 | C11: 66238 | D11: 66213 | E11: 65421 | F11: 65353 | G11: 9 | H11: =(B11-$A11)/$A11*100 -> 3.1537037 | I11: =(C11-$A11)/$A11*100 -> 1.8255048 | J11: =(D11-$A11)/$A11*100 -> 1.7870731 | K11: =(E11-$A11)/$A11*100 -> 0.5695575 | L11: =(F11-$A11)/$A11*100 -> 0.46502333 | N11: 2 | O11: =COUNTIF($H$3:$H$26,"<"&N11) -> 7 | P11: =COUNTIF($I$3:$I$26,"<"&N11) -> 15 | Q11: =COUNTIF($J$3:$J$26,"<"&N11) -> 19 | R11: =COUNTIF($K$3:$K$26,"<"&N11) -> 22 | S11: =COUNTIF($L$3:$L$26,"<"&N11) -> 24 | U11: 2 | V11: =COUNTIF($H$27:$H$50,"<"&U11) -> 9 | W11: =COUNTIF($I$27:$I$50,"<"&U11) -> 14 | X11: =COUNTIF($J$27:$J$50,"<"&U11) -> 19 | Y11: =COUNTIF($K$27:$K$50,"<"&U11) -> 20 | Z11: =COUNTIF($L$27:$L$50,"<"&U11) -> 21 | AB11: 2 | AC11: =COUNTIF($H$51:$H$74,"<"&AB11) -> 0 | AD11: =COUNTIF($I$51:$I$74,"<"&AB11) -> 4 | AE11: =COUNTIF($J$51:$J$74,"<"&AB11) -> 6 | AF11: =COUNTIF($K$51:$K$74,"<"&AB11) -> 8 | AG11: =COUNTIF($L$51:$L$74,"<"&AB11) -> 11
A12: 63297 | B12: 65913 | C12: 64792 | D12: 64519 | E12: 64026 | F12: 63849 | G12: 10 | H12: =(B12-$A12)/$A12*100 -> 4.1328973 | I12: =(C12-$A12)/$A12*100 -> 2.3618813 | J12: =(D12-$A12)/$A12*100 -> 1.9305812 | K12: =(E12-$A12)/$A12*100 -> 1.1517134 | L12: =(F12-$A12)/$A12*100 -> 0.87207925 | N12: 1 | O12: =COUNTIF($H$3:$H$26,"<"&N12) -> 3 | P12: =COUNTIF($I$3:$I$26,"<"&N12) -> 7 | Q12: =COUNTIF($J$3:$J$26,"<"&N12) -> 9 | R12: =COUNTIF($K$3:$K$26,"<"&N12) -> 16 | S12: =COUNTIF($L$3:$L$26,"<"&N12) -> 21 | U12: 1 | V12: =COUNTIF($H$27:$H$50,"<"&U12) -> 3 | W12: =COUNTIF($I$27:$I$50,"<"&U12) -> 8 | X12: =COUNTIF($J$27:$J$50,"<"&U12) -> 11 | Y12: =COUNTIF($K$27:$K$50,"<"&U12) -> 14 | Z12: =COUNTIF($L$27:$L$50,"<"&U12) -> 20 | AB12: 1 | AC12: =COUNTIF($H$51:$H$74,"<"&AB12) -> 0 | AD12: =COUNTIF($I$51:$I$74,"<"&AB12) -> 2 | AE12: =COUNTIF($J$51:$J$74,"<"&AB12) -> 2 | AF12: =COUNTIF($K$51:$K$74,"<"&AB12) -> 4 | AG12: =COUNTIF($L$51:$L$74,"<"&AB12) -> 7
A13: 53200.2 | B13: 54959 | C13: 54463 | D13: 54295 | E13: 53895 | F13: 53473 | G13: 11 | H13: =(B13-$A13)/$A13*100 -> 3.3060026 | I13: =(C13-$A13)/$A13*100 -> 2.3736753 | J13: =(D13-$A13)/$A13*100 -> 2.057887 | K13: =(E13-$A13)/$A13*100 -> 1.3060101 | L13: =(F13-$A13)/$A13*100 -> 0.51278003
A14: 61362.3 | B14: 64437 | C14: 63042 | D14: 62875 | E14: 62167 | F14: 62162 | G14: 12 | H14: =(B14-$A14)/$A14*100 -> 5.0107313 | I14: =(C14-$A14)/$A14*100 -> 2.7373485 | J14: =(D14-$A14)/$A14*100 -> 2.4651944 | K14: =(E14-$A14)/$A14*100 -> 1.3113915 | L14: =(F14-$A14)/$A14*100 -> 1.3032432
A15: 88276.9 | B15: 91069 | C15: 90183 | D15: 89505 | E15: 89355 | F15: 89158 | G15: 13 | H15: =(B15-$A15)/$A15*100 -> 3.1628886 | I15: =(C15-$A15)/$A15*100 -> 2.1592285 | J15: =(D15-$A15)/$A15*100 -> 1.3911907 | K15: =(E15-$A15)/$A15*100 -> 1.2212708 | L15: =(F15-$A15)/$A15*100 -> 0.99810936
A16: 83429.3 | B16: 86317 | C16: 85047 | D16: 84503 | E16: 84183 | F16: 84183 | G16: 14 | H16: =(B16-$A16)/$A16*100 -> 3.461254 | I16: =(C16-$A16)/$A16*100 -> 1.939007 | J16: =(D16-$A16)/$A16*100 -> 1.2869579 | K16: =(E16-$A16)/$A16*100 -> 0.90339964 | L16: =(F16-$A16)/$A16*100 -> 0.90339964
A17: 107293.3 | B17: 112073 | C17: 109748 | D17: 108927 | E17: 108526 | F17: 108070 | G17: 15 | H17: =(B17-$A17)/$A17*100 -> 4.4547982 | I17: =(C17-$A17)/$A17*100 -> 2.2878409 | J17: =(D17-$A17)/$A17*100 -> 1.5226487 | K17: =(E17-$A17)/$A17*100 -> 1.1489068 | L17: =(F17-$A17)/$A17*100 -> 0.72390354
A18: 118657 | B18: 121844 | C18: 120390 | D18: 119966 | E18: 119807 | F18: 119390 | G18: 16 | H18: =(B18-$A18)/$A18*100 -> 2.685893 | I18: =(C18-$A18)/$A18*100 -> 1.4605122 | J18: =(D18-$A18)/$A18*100 -> 1.1031798 | K18: =(E18-$A18)/$A18*100 -> 0.96918007 | L18: =(F18-$A18)/$A18*100 -> 0.61774695 | O18: 1 | P18: 99 | Q18: 95 | R18: 90 | S18: 80
A19: 259652.1 | B19: 262601 | C19: 260830 | D19: 260446 | E19: 260446 | F19: 260221 | G19: 17 | H19: =(B19-$A19)/$A19*100 -> 1.135712 | I19: =(C19-$A19)/$A19*100 -> 0.45364547 | J19: =(D19-$A19)/$A19*100 -> 0.30575528 | K19: =(E19-$A19)/$A19*100 -> 0.30575528 | L19: =(F19-$A19)/$A19*100 -> 0.21910087 | N19: 10 | O19: =COUNTIF($H$3:$H$74,"<"&N19) -> 52 | P19: =COUNTIF($I$3:$I$74,"<"&N19) -> 59 | Q19: =COUNTIF($J$3:$J$74,"<"&N19) -> 62 | R19: =COUNTIF($K$3:$K$74,"<"&N19) -> 66 | S19: =COUNTIF($L$3:$L$74,"<"&N19) -> 70
A20: 168355.2 | B20: 176043 | C20: 171708 | D20: 170590 | E20: 169998 | F20: 169400 | G20: 18 | H20: =(B20-$A20)/$A20*100 -> 4.5664167 | I20: =(C20-$A20)/$A20*100 -> 1.9915037 | J20: =(D20-$A20)/$A20*100 -> 1.3274315 | K20: =(E20-$A20)/$A20*100 -> 0.97579404 | L20: =(F20-$A20)/$A20*100 -> 0.62059265 | N20: 9 | O20: =COUNTIF($H$3:$H$74,"<"&N20) -> 51 | P20: =COUNTIF($I$3:$I$74,"<"&N20) -> 58 | Q20: =COUNTIF($J$3:$J$74,"<"&N20) -> 61 | R20: =COUNTIF($K$3:$K$74,"<"&N20) -> 65 | S20: =COUNTIF($L$3:$L$74,"<"&N20) -> 70
A21: 258447.2 | B21: 265574 | C21: 262677 | D21: 261246 | E21: 260504 | F21: 259665 | G21: 19 | H21: =(B21-$A21)/$A21*100 -> 2.7575458 | I21: =(C21-$A21)/$A21*100 -> 1.6366206 | J21: =(D21-$A21)/$A21*100 -> 1.0829291 | K21: =(E21-$A21)/$A21*100 -> 0.79582986 | L21: =(F21-$A21)/$A21*100 -> 0.47119876 | N21: 8 | O21: =COUNTIF($H$3:$H$74,"<"&N21) -> 49 | P21: =COUNTIF($I$3:$I$74,"<"&N21) -> 58 | Q21: =COUNTIF($J$3:$J$74,"<"&N21) -> 61 | R21: =COUNTIF($K$3:$K$74,"<"&N21) -> 63 | S21: =COUNTIF($L$3:$L$74,"<"&N21) -> 69
A22: 256202 | B22: 268623 | C22: 264421 | D22: 259473 | E22: 258410 | F22: 257487 | G22: 20 | H22: =(B22-$A22)/$A22*100 -> 4.8481276 | I22: =(C22-$A22)/$A22*100 -> 3.2080156 | J22: =(D22-$A22)/$A22*100 -> 1.276727 | K22: =(E22-$A22)/$A22*100 -> 0.86181997 | L22: =(F22-$A22)/$A22*100 -> 0.50155736 | N22: 7 | O22: =COUNTIF($H$3:$H$74,"<"&N22) -> 47 | P22: =COUNTIF($I$3:$I$74,"<"&N22) -> 56 | Q22: =COUNTIF($J$3:$J$74,"<"&N22) -> 59 | R22: =COUNTIF($K$3:$K$74,"<"&N22) -> 63 | S22: =COUNTIF($L$3:$L$74,"<"&N22) -> 69
A23: 373042.9 | B23: 380296 | C23: 377111 | D23: 375805 | E23: 375179 | F23: 374386 | G23: 21 | H23: =(B23-$A23)/$A23*100 -> 1.9443072 | I23: =(C23-$A23)/$A23*100 -> 1.090518 | J23: =(D23-$A23)/$A23*100 -> 0.74042422 | K23: =(E23-$A23)/$A23*100 -> 0.57261511 | L23: =(F23-$A23)/$A23*100 -> 0.36003902 | N23: 6 | O23: =COUNTIF($H$3:$H$74,"<"&N23) -> 46 | P23: =COUNTIF($I$3:$I$74,"<"&N23) -> 54 | Q23: =COUNTIF($J$3:$J$74,"<"&N23) -> 57 | R23: =COUNTIF($K$3:$K$74,"<"&N23) -> 61 | S23: =COUNTIF($L$3:$L$74,"<"&N23) -> 67
A24: 554057.4 | B24: 561922 | C24: 557979 | D24: 556705 | E24: 556016 | F24: 555248 | G24: 22 | H24: =(B24-$A24)/$A24*100 -> 1.4194558 | I24: =(C24-$A24)/$A24*100 -> 0.7077967 | J24: =(D24-$A24)/$A24*100 -> 0.47785663 | K24: =(E24-$A24)/$A24*100 -> 0.35350128 | L24: =(F24-$A24)/$A24*100 -> 0.21488748 | N24: 5 | O24: =COUNTIF($H$3:$H$74,"<"&N24) -> 41 | P24: =COUNTIF($I$3:$I$74,"<"&N24) -> 54 | Q24: =COUNTIF($J$3:$J$74,"<"&N24) -> 54 | R24: =COUNTIF($K$3:$K$74,"<"&N24) -> 58 | S24: =COUNTIF($L$3:$L$74,"<"&N24) -> 63
A25: 773151.4 | B25: 783788 | C25: 779144 | D25: 777219 | E25: 776238 | F25: 775116 | G25: 23 | H25: =(B25-$A25)/$A25*100 -> 1.3757461 | I25: =(C25-$A25)/$A25*100 -> 0.77508752 | J25: =(D25-$A25)/$A25*100 -> 0.52610653 | K25: =(E25-$A25)/$A25*100 -> 0.39922323 | L25: =(F25-$A25)/$A25*100 -> 0.25410288 | N25: 4 | O25: =COUNTIF($H$3:$H$74,"<"&N25) -> 35 | P25: =COUNTIF($I$3:$I$74,"<"&N25) -> 50 | Q25: =COUNTIF($J$3:$J$74,"<"&N25) -> 53 | R25: =COUNTIF($K$3:$K$74,"<"&N25) -> 56 | S25: =COUNTIF($L$3:$L$74,"<"&N25) -> 62
A26: 749120 | B26: 764660 | C26: 757254 | D26: 754718 | E26: 753415 | F26: 751905 | G26: 24 | H26: =(B26-$A26)/$A26*100 -> 2.074434 | I26: =(C26-$A26)/$A26*100 -> 1.0858073 | J26: =(D26-$A26)/$A26*100 -> 0.7472768 | K26: =(E26-$A26)/$A26*100 -> 0.57333938 | L26: =(F26-$A26)/$A26*100 -> 0.37176954 | N26: 3 | O26: =COUNTIF($H$3:$H$74,"<"&N26) -> 25 | P26: =COUNTIF($I$3:$I$74,"<"&N26) -> 44 | Q26: =COUNTIF($J$3:$J$74,"<"&N26) -> 49 | R26: =COUNTIF($K$3:$K$74,"<"&N26) -> 53 | S26: =COUNTIF($L$3:$L$74,"<"&N26) -> 59
A27: 17568.7 | B27: 19651 | C27: 18766 | D27: 18766 | E27: 18502 | F27: 18502 | G27: 25 | H27: =(B27-$A27)/$A27*100 -> 11.852328 | I27: =(C27-$A27)/$A27*100 -> 6.8149607 | J27: =(D27-$A27)/$A27*100 -> 6.8149607 | K27: =(E27-$A27)/$A27*100 -> 5.3122883 | L27: =(F27-$A27)/$A27*100 -> 5.3122883 | N27: 2 | O27: =COUNTIF($H$3:$H$74,"<"&N27) -> 16 | P27: =COUNTIF($I$3:$I$74,"<"&N27) -> 33 | Q27: =COUNTIF($J$3:$J$74,"<"&N27) -> 44 | R27: =COUNTIF($K$3:$K$74,"<"&N27) -> 50 | S27: =COUNTIF($L$3:$L$74,"<"&N27) -> 56
A28: 24549.1 | B28: 27758 | C28: 26894 | D28: 26158 | E28: 25787 | F28: 25294 | G28: 26 | H28: =(B28-$A28)/$A28*100 -> 13.071355 | I28: =(C28-$A28)/$A28*100 -> 9.5518777 | J28: =(D28-$A28)/$A28*100 -> 6.5538044 | K28: =(E28-$A28)/$A28*100 -> 5.0425474 | L28: =(F28-$A28)/$A28*100 -> 3.0343271 | N28: 1 | O28: =COUNTIF($H$3:$H$74,"<"&N28) -> 6 | P28: =COUNTIF($I$3:$I$74,"<"&N28) -> 17 | Q28: =COUNTIF($J$3:$J$74,"<"&N28) -> 22 | R28: =COUNTIF($K$3:$K$74,"<"&N28) -> 34 | S28: =COUNTIF($L$3:$L$74,"<"&N28) -> 48
A29: 37788.2 | B29: 41153 | C29: 40125 | D29: 39705 | E29: 39045 | F29: 38895 | G29: 27 | H29: =(B29-$A29)/$A29*100 -> 8.904367 | I29: =(C29-$A29)/$A29*100 -> 6.183941 | J29: =(D29-$A29)/$A29*100 -> 5.0724829 | K29: =(E29-$A29)/$A29*100 -> 3.325906 | L29: =(F29-$A29)/$A29*100 -> 2.9289567
A30: 50566.1 | B30: 54261 | C30: 52993 | D30: 52336 | E30: 51964 | F30: 51516 | G30: 28 | H30: =(B30-$A30)/$A30*100 -> 7.3070694 | I30: =(C30-$A30)/$A30*100 -> 4.7994605 | J30: =(D30-$A30)/$A30*100 -> 3.5001711 | K30: =(E30-$A30)/$A30*100 -> 2.7645003 | L30: =(F30-$A30)/$A30*100 -> 1.8785313
A31: 62481.1 | B31: 66018 | C31: 64469 | D31: 63543 | E31: 63378 | F31: 63103 | G31: 29 | H31: =(B31-$A31)/$A31*100 -> 5.6607518 | I31: =(C31-$A31)/$A31*100 -> 3.1816021 | J31: =(D31-$A31)/$A31*100 -> 1.6995539 | K31: =(E31-$A31)/$A31*100 -> 1.4354741 | L31: =(F31-$A31)/$A31*100 -> 0.99534099
A32: 67545.8 | B32: 71142 | C32: 69618 | D32: 68939 | E32: 68664 | F32: 68219 | G32: 30 | H32: =(B32-$A32)/$A32*100 -> 5.3240912 | I32: =(C32-$A32)/$A32*100 -> 3.0678443 | J32: =(D32-$A32)/$A32*100 -> 2.0626005 | K32: =(E32-$A32)/$A32*100 -> 1.6554693 | L32: =(F32-$A32)/$A32*100 -> 0.99665708
A33: 241567.5 | B33: 244555 | C33: 243353 | D33: 242827 | E33: 242535 | F33: 242193 | G33: 31 | H33: =(B33-$A33)/$A33*100 -> 1.2367144 | I33: =(C33-$A33)/$A33*100 -> 0.73913088 | J33: =(D33-$A33)/$A33*100 -> 0.52138636 | K33: =(E33-$A33)/$A33*100 -> 0.40050917 | L33: =(F33-$A33)/$A33*100 -> 0.25893384
A34: 114496.9 | B34: 118661 | C34: 116873 | D34: 116149 | E34: 115779 | F34: 115313 | G34: 32 | H34: =(B34-$A34)/$A34*100 -> 3.636867 | I34: =(C34-$A34)/$A34*100 -> 2.0752527 | J34: =(D34-$A34)/$A34*100 -> 1.4429212 | K34: =(E34-$A34)/$A34*100 -> 1.1197683 | L34: =(F34-$A34)/$A34*100 -> 0.71277039
A35: 241922.1 | B35: 245883 | C35: 244375 | D35: 243664 | E35: 243275 | F35: 242809 | G35: 33 | H35: =(B35-$A35)/$A35*100 -> 1.6372626 | I35: =(C35-$A35)/$A35*100 -> 1.0139214 | J35: =(D35-$A35)/$A35*100 -> 0.72002517 | K35: =(E35-$A35)/$A35*100 -> 0.5592296 | L35: =(F35-$A35)/$A35*100 -> 0.36660561
A36: 195835.5 | B36: 200700 | C36: 198555 | D36: 197897 | E36: 197336 | F36: 196942 | G36: 34 | H36: =(B36-$A36)/$A36*100 -> 2.4839725 | I36: =(C36-$A36)/$A36*100 -> 1.3886655 | J36: =(D36-$A36)/$A36*100 -> 1.0526692 | K36: =(E36-$A36)/$A36*100 -> 0.76620429 | L36: =(F36-$A36)/$A36*100 -> 0.56501503
A37: 194757.9 | B37: 201427 | C37: 198657 | D37: 197583 | E37: 196982 | F37: 196247 | G37: 35 | H37: =(B37-$A37)/$A37*100 -> 3.4243027 | I37: =(C37-$A37)/$A37*100 -> 2.0020241 | J37: =(D37-$A37)/$A37*100 -> 1.4505702 | K37: =(E37-$A37)/$A37*100 -> 1.1419819 | L37: =(F37-$A37)/$A37*100 -> 0.76459029
A38: 201248.1 | B38: 211079 | C38: 206969 | D38: 205213 | E38: 204279 | F38: 203165 | G38: 36 | H38: =(B38-$A38)/$A38*100 -> 4.8849654 | I38: =(C38-$A38)/$A38*100 -> 2.8427101 | J38: =(D38-$A38)/$A38*100 -> 1.9701552 | K38: =(E38-$A38)/$A38*100 -> 1.5060515 | L38: =(F38-$A38)/$A38*100 -> 0.95250589
A39: 305946.9 | B39: 314694 | C39: 310505 | D39: 309139 | E39: 308436 | F39: 307543 | G39: 37 | H39: =(B39-$A39)/$A39*100 -> 2.8590255 | I39: =(C39-$A39)/$A39*100 -> 1.4898337 | J39: =(D39-$A39)/$A39*100 -> 1.043351 | K39: =(E39-$A39)/$A39*100 -> 0.81357255 | L39: =(F39-$A39)/$A39*100 -> 0.52169184
A40: 268304.2 | B40: 279173 | C40: 273844 | D40: 272106 | E40: 271207 | F40: 270128 | G40: 38 | H40: =(B40-$A40)/$A40*100 -> 4.0509243 | I40: =(C40-$A40)/$A40*100 -> 2.0647459 | J40: =(D40-$A40)/$A40*100 -> 1.4169737 | K40: =(E40-$A40)/$A40*100 -> 1.0819063 | L40: =(F40-$A40)/$A40*100 -> 0.67975082
... A74: 2239764.5 | B74: 2298196 | C74: 2271979 | D74: 2262347 | E74: 2257045 | F74: 2251009 | G74: 72 | H74: =(B74-$A74)/$A74*100 -> 2.6088234 | I74: =(C74-$A74)/$A74*100 -> 1.4382985 | J74: =(D74-$A74)/$A74*100 -> 1.0082533 | K74: =(E74-$A74)/$A74*100 -> 0.77153201 | L74: =(F74-$A74)/$A74*100 -> 0.50203939
